C	deci/p/B	ModelFlatscreenTV	model	H	Prop/entity model (ModelBase with many box parts; part fields not named)
C	deci/p/C	ModelFlatscreenTVChannel	model	H	Prop/entity model (ModelBase with many box parts; part fields not named)
C	deci/p/D	ModelHangingPlayer	model	H	Prop/entity model (ModelBase with many box parts; part fields not named)
C	deci/p/F	ModelHazardlight	model	H	Prop/entity model (ModelBase with many box parts; part fields not named)
C	deci/p/G	ModelHazardScreen	model	H	Prop/entity model (ModelBase with many box parts; part fields not named)
C	deci/p/H	ModelHazardbarrier	model	H	Prop/entity model (ModelBase with many box parts; part fields not named)
C	deci/p/I	ModelHazardpole	model	H	Prop/entity model (ModelBase with many box parts; part fields not named)
C	deci/p/J	ModelHedgehog	model	H	Prop/entity model (ModelBase with many box parts; part fields not named)
C	deci/p/L	ModelLantern	model	H	Prop/entity model (ModelBase with many box parts; part fields not named)
C	deci/p/M	ModelLight	model	H	Prop/entity model (ModelBase with many box parts; part fields not named)
C	deci/p/N	ModelMailbox	model	H	Prop/entity model (ModelBase with many box parts; part fields not named)
C	deci/p/O	ModelMaintenancescreen	model	H	Prop/entity model (ModelBase with many box parts; part fields not named)
C	deci/p/P	ModelMechwreckage	model	H	Prop/entity model (ModelBase with many box parts; part fields not named)
C	deci/p/Q	ModelMetalShelf	model	H	Prop/entity model (ModelBase with many box parts; part fields not named)
C	deci/p/R	ModelMetalShelfEmpty	model	H	Prop/entity model (ModelBase with many box parts; part fields not named)
C	deci/p/S	ModelUnusedS	model	L	ModelBase not referenced anywhere in the mod (dead asset)
C	deci/p/T	ModelMetroRailing1	model	H	Prop/entity model (ModelBase with many box parts; part fields not named)
C	deci/p/U	ModelMetroRailing2	model	H	Prop/entity model (ModelBase with many box parts; part fields not named)
C	deci/p/V	ModelUnusedV	model	L	ModelBase not referenced anywhere in the mod (dead asset)
C	deci/p/W	ModelUnusedW	model	L	ModelBase not referenced anywhere in the mod (dead asset)
C	deci/p/X	ModelUnusedX	model	L	ModelBase not referenced anywhere in the mod (dead asset)
C	deci/p/Y	ModelMilitaryradiosmall	model	H	Prop/entity model (ModelBase with many box parts; part fields not named)
C	deci/p/Z	ModelMilitaryradiosmalloff	model	H	Prop/entity model (ModelBase with many box parts; part fields not named)
C	deci/p/a	ModelAcidPit	model	H	Prop/entity model (ModelBase with many box parts; part fields not named)
C	deci/p/aA	ModelTarget	model	H	Prop/entity model (ModelBase with many box parts; part fields not named)
C	deci/p/aC	ModelTicketGateOpen	model	H	Prop/entity model (ModelBase with many box parts; part fields not named)
C	deci/p/aD	ModelTire	model	H	Prop/entity model (ModelBase with many box parts; part fields not named)
C	deci/p/aE	ModelTireStack	model	H	Prop/entity model (ModelBase with many box parts; part fields not named)
C	deci/p/aF	ModelUnusedAF	model	L	ModelBase not referenced anywhere in the mod (dead asset)
C	deci/p/aG	ModelUnusedAG	model	L	ModelBase not referenced anywhere in the mod (dead asset)
C	deci/p/aH	ModelUnusedAH	model	L	ModelBase not referenced anywhere in the mod (dead asset)
C	deci/p/aI	ModelUnusedAI	model	L	ModelBase not referenced anywhere in the mod (dead asset)
C	deci/p/aJ	ModelTrashcan	model	H	Prop/entity model (ModelBase with many box parts; part fields not named)
C	deci/p/aK	ModelVendingMachine	model	H	Prop/entity model (ModelBase with many box parts; part fields not named)
C	deci/p/aL	ModelWallflag	model	H	Prop/entity model (ModelBase with many box parts; part fields not named)
C	deci/p/aM	ModelWashingMachine	model	H	Prop/entity model (ModelBase with many box parts; part fields not named)
C	deci/p/aN	ModelWaterfountain	model	H	Prop/entity model (ModelBase with many box parts; part fields not named)
C	deci/p/aO	ModelWaterpump	model	H	Prop/entity model (ModelBase with many box parts; part fields not named)
C	deci/p/aP	ModelWeaponCabinet	model	H	Prop/entity model (ModelBase with many box parts; part fields not named)
C	deci/p/aQ	ModelWoodcrate	model	H	Prop/entity model (ModelBase with many box parts; part fields not named)
C	deci/p/aS	ModelWoodTable	model	H	Prop/entity model (ModelBase with many box parts; part fields not named)
C	deci/p/aT	ModelWoodTableProp	model	H	Prop/entity model (ModelBase with many box parts; part fields not named)
C	deci/p/aU	ModelUnusedAU	model	L	ModelBase not referenced anywhere in the mod (dead asset)
C	deci/p/aV	ModelWreckageMilitary1	model	H	Prop/entity model (ModelBase with many box parts; part fields not named)
C	deci/p/aW	ModelWreckageMilitary2	model	H	Prop/entity model (ModelBase with many box parts; part fields not named)
C	deci/p/aX	ModelUnusedAX	model	L	ModelBase not referenced anywhere in the mod (dead asset)
C	deci/p/aY	ModelUnusedAY	model	L	ModelBase not referenced anywhere in the mod (dead asset)
C	deci/p/aZ	ModelUnusedAZ	model	L	ModelBase not referenced anywhere in the mod (dead asset)
C	deci/p/aa	ModelUnusedAa	model	L	ModelBase not referenced anywhere in the mod (dead asset)
C	deci/p/ab	ModelMonitor	model	H	Prop/entity model (ModelBase with many box parts; part fields not named)
C	deci/p/ac	ModelUnusedAc	model	L	ModelBase not referenced anywhere in the mod (dead asset)
C	deci/p/ad	ModelUnusedAd	model	L	ModelBase not referenced anywhere in the mod (dead asset)
C	deci/p/af	ModelPhoneBooth	model	H	Prop/entity model (ModelBase with many box parts; part fields not named)
C	deci/p/ag	ModelPhonebox	model	H	Prop/entity model (ModelBase with many box parts; part fields not named)
C	deci/p/ah	ModelPowerGenerator	model	H	Prop/entity model (ModelBase with many box parts; part fields not named)
C	deci/p/ai	ModelPowerPole	model	H	Prop/entity model (ModelBase with many box parts; part fields not named)
C	deci/p/aj	ModelPresent	model	H	Prop/entity model (ModelBase with many box parts; part fields not named)
C	deci/p/ak	ModelRedlight	model	H	Prop/entity model (ModelBase with many box parts; part fields not named)
C	deci/p/al	ModelRoadsign	model	H	Prop/entity model (ModelBase with many box parts; part fields not named)
C	deci/p/am	ModelRussianroadsign	model	H	Prop/entity model (ModelBase with many box parts; part fields not named)
C	deci/p/an	ModelShopDisplay1	model	H	Prop/entity model (ModelBase with many box parts; part fields not named)
C	deci/p/ao	ModelFlatSign	model	H	Prop/entity model (ModelBase with many box parts; part fields not named)
C	deci/p/ap	ModelUnusedAp	model	L	ModelBase not referenced anywhere in the mod (dead asset)
C	deci/p/aq	ModelUnusedAq	model	L	ModelBase not referenced anywhere in the mod (dead asset)
C	deci/p/ar	ModelUnusedAr	model	L	ModelBase not referenced anywhere in the mod (dead asset)
C	deci/p/as	ModelRadio	model	H	Prop/entity model (ModelBase with many box parts; part fields not named)
C	deci/p/at	ModelStreetBarrier	model	H	Prop/entity model (ModelBase with many box parts; part fields not named)
C	deci/p/au	ModelStreetBench	model	H	Prop/entity model (ModelBase with many box parts; part fields not named)
C	deci/p/av	ModelUnusedAv	model	L	ModelBase not referenced anywhere in the mod (dead asset)
C	deci/p/aw	ModelUnusedAw	model	L	ModelBase not referenced anywhere in the mod (dead asset)
C	deci/p/ax	ModelUnusedAx	model	L	ModelBase not referenced anywhere in the mod (dead asset)
C	deci/p/ay	ModelUnusedAy	model	L	ModelBase not referenced anywhere in the mod (dead asset)
C	deci/p/az	ModelStudioCamera	model	H	Prop/entity model (ModelBase with many box parts; part fields not named)
C	deci/p/c	ModelAmmocrate	model	H	Prop/entity model (ModelBase with many box parts; part fields not named)
C	deci/p/d	ModelAmmocratelarge	model	H	Prop/entity model (ModelBase with many box parts; part fields not named)
C	deci/p/e	ModelUnusedE	model	L	ModelBase not referenced anywhere in the mod (dead asset)
C	deci/p/g	ModelBarrierTall	model	H	Prop/entity model (ModelBase with many box parts; part fields not named)
C	deci/p/h	ModelBicycle	model	H	Prop/entity model (ModelBase with many box parts; part fields not named)
C	deci/p/i	ModelUnusedI	model	L	ModelBase not referenced anywhere in the mod (dead asset)
C	deci/p/k	ModelCCTV	model	H	Prop/entity model (ModelBase with many box parts; part fields not named)
C	deci/p/l	ModelCanfire	model	H	Prop/entity model (ModelBase with many box parts; part fields not named)
C	deci/p/n	ModelCarepackage	model	H	Prop/entity model (ModelBase with many box parts; part fields not named)
C	deci/p/o	ModelCeilingVent	model	H	Prop/entity model (ModelBase with many box parts; part fields not named)
C	deci/p/p	ModelCeilingVentCorner	model	H	Prop/entity model (ModelBase with many box parts; part fields not named)
C	deci/p/q	ModelChair	model	H	Prop/entity model (ModelBase with many box parts; part fields not named)
C	deci/p/s	ModelUnusedLowerS	model	L	ModelBase not referenced anywhere in the mod (dead asset)
C	deci/p/t	ModelCookingStation	model	H	Prop/entity model (ModelBase with many box parts; part fields not named)
C	deci/p/u	ModelSupplyCrate	model	H	Prop/entity model (ModelBase with many box parts; part fields not named)
C	deci/p/v	ModelUnusedLowerV	model	L	ModelBase not referenced anywhere in the mod (dead asset)
C	deci/p/w	ModelElectricBox1	model	H	Prop/entity model (ModelBase with many box parts; part fields not named)
C	deci/p/x	ModelElectricbox2	model	H	Prop/entity model (ModelBase with many box parts; part fields not named)
C	deci/p/z	ModelExitLight	model	H	Prop/entity model (ModelBase with many box parts; part fields not named)
