prop	renderer	model	meta	front	model_minus_z	x0	x1	y0	y1	z0	z1	cells_x	cells_z
BlockAcidPit	AcidPitRenderer	ModelAcidPit	2	E	W	0.00	1.00	-0.00	0.12	0.00	1.00	0..0	0..0
BlockAcidPit	AcidPitRenderer	ModelAcidPit	3	S	N	-0.00	1.00	-0.00	0.12	-0.00	1.00	0..0	0..0
BlockAcidPit	AcidPitRenderer	ModelAcidPit	4	W	E	-0.00	1.00	-0.00	0.12	-0.00	1.00	0..0	0..0
BlockAcidPit	AcidPitRenderer	ModelAcidPit	5	N	S	0.00	1.00	-0.00	0.12	0.00	1.00	0..0	0..0
BlockAlarmBell	PropRenderer	ModelAlarmBell	2	E	E	-0.14	1.14	0.05	1.70	-0.14	1.14	0..0	0..0
BlockAlarmBell	PropRenderer	ModelAlarmBell	3	S	S	-0.14	1.14	0.05	1.70	-0.14	1.14	0..0	0..0
BlockAlarmBell	PropRenderer	ModelAlarmBell	4	W	W	-0.14	1.14	0.05	1.70	-0.14	1.14	0..0	0..0
BlockAlarmBell	PropRenderer	ModelAlarmBell	5	N	N	-0.14	1.14	0.05	1.70	-0.14	1.14	0..0	0..0
BlockAmmoCrate	PropRenderer	ModelAmmocrate	2	E	W	0.07	1.00	-0.00	0.25	-0.29	1.29	0..0	0..0
BlockAmmoCrate	PropRenderer	ModelAmmocrate	3	S	N	-0.29	1.29	-0.00	0.25	0.07	1.00	0..0	0..0
BlockAmmoCrate	PropRenderer	ModelAmmocrate	4	W	E	0.00	0.93	-0.00	0.25	-0.29	1.29	0..0	0..0
BlockAmmoCrate	PropRenderer	ModelAmmocrate	5	N	S	-0.29	1.29	-0.00	0.25	0.00	0.93	0..0	0..0
BlockAmmoCrateLarge	PropRenderer	ModelAmmocratelarge	2	E	W	-0.05	1.05	-0.00	1.00	-0.43	1.43	0..0	-1..1
BlockAmmoCrateLarge	PropRenderer	ModelAmmocratelarge	3	S	N	-0.43	1.43	-0.00	1.00	-0.05	1.05	-1..1	0..0
BlockAmmoCrateLarge	PropRenderer	ModelAmmocratelarge	4	W	E	-0.05	1.05	-0.00	1.00	-0.43	1.43	0..0	-1..1
BlockAmmoCrateLarge	PropRenderer	ModelAmmocratelarge	5	N	S	-0.43	1.43	-0.00	1.00	-0.05	1.05	-1..1	0..0
BlockBarrel	PropRenderer	bmodel:barrel	2	E	N	0.12	0.88	-0.06	1.19	0.12	0.88	0..0	0..0
BlockBarrel	PropRenderer	bmodel:barrel	3	S	E	0.12	0.88	-0.06	1.19	0.12	0.88	0..0	0..0
BlockBarrel	PropRenderer	bmodel:barrel	4	W	S	0.12	0.88	-0.06	1.19	0.12	0.88	0..0	0..0
BlockBarrel	PropRenderer	bmodel:barrel	5	N	W	0.12	0.88	-0.06	1.19	0.12	0.88	0..0	0..0
BlockBarrier	PropRenderer	ModelBarrier	2	E	E	0.19	0.75	-0.00	1.00	-0.50	1.50	0..0	-1..1
BlockBarrier	PropRenderer	ModelBarrier	3	S	S	-0.50	1.50	-0.00	1.00	0.19	0.75	-1..1	0..0
BlockBarrier	PropRenderer	ModelBarrier	4	W	W	0.25	0.81	-0.00	1.00	-0.50	1.50	0..0	-1..1
BlockBarrier	PropRenderer	ModelBarrier	5	N	N	-0.50	1.50	-0.00	1.00	0.25	0.81	-1..1	0..0
BlockBarrierTall	BarrierTallRenderer	ModelBarrierTall	2	E	N	0.19	0.81	-0.00	3.00	-0.00	1.00	0..0	0..0
BlockBarrierTall	BarrierTallRenderer	ModelBarrierTall	3	S	E	-0.00	1.00	-0.00	3.00	0.19	0.81	0..0	0..0
BlockBarrierTall	BarrierTallRenderer	ModelBarrierTall	4	W	S	0.19	0.81	-0.00	3.00	-0.00	1.00	0..0	0..0
BlockBarrierTall	BarrierTallRenderer	ModelBarrierTall	5	N	W	0.00	1.00	-0.00	3.00	0.19	0.81	0..0	0..0
BlockBicycle	BicycleRenderer	ModelBicycle	2	E	S	-1.18	1.28	0.00	1.49	0.20	0.74	-1..0	0..0
BlockBicycle	BicycleRenderer	ModelBicycle	3	S	W	0.26	0.80	-0.00	1.49	-1.18	1.28	0..0	-1..0
BlockBicycle	BicycleRenderer	ModelBicycle	4	W	N	-0.28	2.18	0.00	1.49	0.26	0.80	0..1	0..0
BlockBicycle	BicycleRenderer	ModelBicycle	5	N	E	0.20	0.74	-0.00	1.49	-0.28	2.18	0..0	0..1
BlockBodyBagBlack	PropRenderer	bmodel:bodybag	2	E	W	-0.50	1.58	-0.06	0.42	-0.18	1.18	-1..1	0..0
BlockBodyBagBlack	PropRenderer	bmodel:bodybag	3	S	N	-0.18	1.18	-0.06	0.42	-0.50	1.58	0..0	-1..1
BlockBodyBagBlack	PropRenderer	bmodel:bodybag	4	W	E	-0.58	1.50	-0.06	0.42	-0.18	1.18	-1..1	0..0
BlockBodyBagBlack	PropRenderer	bmodel:bodybag	5	N	S	-0.18	1.18	-0.06	0.42	-0.58	1.50	0..0	-1..1
BlockBodyBagBlue	PropRenderer	bmodel:bodybag	2	E	W	-0.50	1.58	-0.06	0.42	-0.18	1.18	-1..1	0..0
BlockBodyBagBlue	PropRenderer	bmodel:bodybag	3	S	N	-0.18	1.18	-0.06	0.42	-0.50	1.58	0..0	-1..1
BlockBodyBagBlue	PropRenderer	bmodel:bodybag	4	W	E	-0.58	1.50	-0.06	0.42	-0.18	1.18	-1..1	0..0
BlockBodyBagBlue	PropRenderer	bmodel:bodybag	5	N	S	-0.18	1.18	-0.06	0.42	-0.58	1.50	0..0	-1..1
BlockBodyBagGreen	PropRenderer	bmodel:bodybag	2	E	W	-0.50	1.58	-0.06	0.42	-0.18	1.18	-1..1	0..0
BlockBodyBagGreen	PropRenderer	bmodel:bodybag	3	S	N	-0.18	1.18	-0.06	0.42	-0.50	1.58	0..0	-1..1
BlockBodyBagGreen	PropRenderer	bmodel:bodybag	4	W	E	-0.58	1.50	-0.06	0.42	-0.18	1.18	-1..1	0..0
BlockBodyBagGreen	PropRenderer	bmodel:bodybag	5	N	S	-0.18	1.18	-0.06	0.42	-0.58	1.50	0..0	-1..1
BlockBodyBagOrange	PropRenderer	bmodel:bodybag	2	E	W	-0.50	1.58	-0.06	0.42	-0.18	1.18	-1..1	0..0
BlockBodyBagOrange	PropRenderer	bmodel:bodybag	3	S	N	-0.18	1.18	-0.06	0.42	-0.50	1.58	0..0	-1..1
BlockBodyBagOrange	PropRenderer	bmodel:bodybag	4	W	E	-0.58	1.50	-0.06	0.42	-0.18	1.18	-1..1	0..0
BlockBodyBagOrange	PropRenderer	bmodel:bodybag	5	N	S	-0.18	1.18	-0.06	0.42	-0.58	1.50	0..0	-1..1
BlockCCTV	CCTVRenderer	ModelCCTV	2	E	S	0.29	0.76	0.51	1.00	0.24	0.71	0..0	0..0
BlockCCTV	CCTVRenderer	ModelCCTV	3	S	W	0.29	0.76	0.51	1.00	0.29	0.76	0..0	0..0
BlockCCTV	CCTVRenderer	ModelCCTV	4	W	N	0.24	0.71	0.51	1.00	0.29	0.76	0..0	0..0
BlockCCTV	CCTVRenderer	ModelCCTV	5	N	E	0.24	0.71	0.51	1.00	0.24	0.71	0..0	0..0
BlockCanFire	PropRenderer	ModelCanfire	2	E	N	0.25	0.75	-0.03	0.47	0.25	0.75	0..0	0..0
BlockCanFire	PropRenderer	ModelCanfire	3	S	E	0.25	0.75	-0.03	0.47	0.25	0.75	0..0	0..0
BlockCanFire	PropRenderer	ModelCanfire	4	W	S	0.25	0.75	-0.03	0.47	0.25	0.75	0..0	0..0
BlockCanFire	PropRenderer	ModelCanfire	5	N	W	0.25	0.75	-0.03	0.47	0.25	0.75	0..0	0..0
BlockCanTrap	PropRenderer	ModelCanTrap	2	E	N	0.42	0.58	0.47	3.19	0.42	0.58	0..0	0..0
BlockCanTrap	PropRenderer	ModelCanTrap	3	S	E	0.42	0.58	0.47	3.19	0.42	0.58	0..0	0..0
BlockCanTrap	PropRenderer	ModelCanTrap	4	W	S	0.42	0.58	0.47	3.19	0.42	0.58	0..0	0..0
BlockCanTrap	PropRenderer	ModelCanTrap	5	N	W	0.42	0.58	0.47	3.19	0.42	0.58	0..0	0..0
BlockCardboardBoxes1	PropRenderer	bmodel:cardboardboxes1	2	E	N	-0.06	1.15	0.00	0.66	-0.12	1.31	0..0	0..1
BlockCardboardBoxes1	PropRenderer	bmodel:cardboardboxes1	3	S	E	-0.31	1.12	0.00	0.66	-0.06	1.15	-1..0	0..0
BlockCardboardBoxes1	PropRenderer	bmodel:cardboardboxes1	4	W	S	-0.15	1.06	0.00	0.66	-0.31	1.12	0..0	-1..0
BlockCardboardBoxes1	PropRenderer	bmodel:cardboardboxes1	5	N	W	-0.12	1.31	0.00	0.66	-0.15	1.06	0..1	0..0
BlockCardboardBoxes2	PropRenderer	bmodel:cardboardboxes2	2	E	N	-0.34	1.41	0.00	1.27	-0.06	1.06	-1..1	0..0
BlockCardboardBoxes2	PropRenderer	bmodel:cardboardboxes2	3	S	E	-0.06	1.06	0.00	1.27	-0.34	1.41	0..0	-1..1
BlockCardboardBoxes2	PropRenderer	bmodel:cardboardboxes2	4	W	S	-0.41	1.34	0.00	1.27	-0.06	1.06	-1..1	0..0
BlockCardboardBoxes2	PropRenderer	bmodel:cardboardboxes2	5	N	W	-0.06	1.06	0.00	1.27	-0.41	1.34	0..0	-1..1
BlockCardboardBoxes3	PropRenderer	bmodel:cardboardboxes3	2	E	N	0.00	1.22	0.00	1.08	-0.12	0.71	0..0	0..0
BlockCardboardBoxes3	PropRenderer	bmodel:cardboardboxes3	3	S	E	0.29	1.12	0.00	1.08	-0.00	1.22	0..0	0..0
BlockCardboardBoxes3	PropRenderer	bmodel:cardboardboxes3	4	W	S	-0.22	1.00	0.00	1.08	0.29	1.12	0..0	0..0
BlockCardboardBoxes3	PropRenderer	bmodel:cardboardboxes3	5	N	W	-0.12	0.71	0.00	1.08	-0.22	1.00	0..0	0..0
BlockCarePackage	PropRenderer	ModelCarepackage	2	E	N	-0.44	1.44	-0.00	1.60	-0.62	1.62	-1..1	-1..1
BlockCarePackage	PropRenderer	ModelCarepackage	3	S	E	-0.62	1.62	-0.00	1.60	-0.44	1.44	-1..1	-1..1
BlockCarePackage	PropRenderer	ModelCarepackage	4	W	S	-0.44	1.44	-0.00	1.60	-0.62	1.62	-1..1	-1..1
BlockCarePackage	PropRenderer	ModelCarepackage	5	N	W	-0.62	1.62	-0.00	1.60	-0.44	1.44	-1..1	-1..1
BlockCeilingVent	CeilingVentRenderer	ModelCeilingVent	2	E	W	0.00	1.00	0.50	1.00	-0.00	1.00	0..0	0..0
BlockCeilingVent	CeilingVentRenderer	ModelCeilingVent	3	S	N	0.00	1.00	0.50	1.00	-0.00	1.00	0..0	0..0
BlockCeilingVent	CeilingVentRenderer	ModelCeilingVent	4	W	E	0.00	1.00	0.50	1.00	-0.00	1.00	0..0	0..0
BlockCeilingVent	CeilingVentRenderer	ModelCeilingVent	5	N	S	0.00	1.00	0.50	1.00	-0.00	1.00	0..0	0..0
BlockCeilingVentCorner	CeilingVentCornerRenderer	ModelCeilingVentCorner	2	E	W	0.00	1.00	0.50	1.00	-0.00	1.00	0..0	0..0
BlockCeilingVentCorner	CeilingVentCornerRenderer	ModelCeilingVentCorner	3	S	N	-0.00	1.00	0.50	1.00	-0.00	1.00	0..0	0..0
BlockCeilingVentCorner	CeilingVentCornerRenderer	ModelCeilingVentCorner	4	W	E	0.00	1.00	0.50	1.00	-0.00	1.00	0..0	0..0
BlockCeilingVentCorner	CeilingVentCornerRenderer	ModelCeilingVentCorner	5	N	S	0.00	1.00	0.50	1.00	-0.00	1.00	0..0	0..0
BlockChair	PropRenderer	bmodel:woodchair	2	E	S	0.07	0.87	-0.00	1.56	0.12	0.88	0..0	0..0
BlockChair	PropRenderer	bmodel:woodchair	3	S	W	0.12	0.88	-0.00	1.56	0.07	0.87	0..0	0..0
BlockChair	PropRenderer	bmodel:woodchair	4	W	N	0.13	0.93	-0.00	1.56	0.12	0.88	0..0	0..0
BlockChair	PropRenderer	bmodel:woodchair	5	N	E	0.12	0.88	-0.00	1.56	0.13	0.93	0..0	0..0
BlockChesstable	ChesstableRenderer	ModelChessTable	2	E	S	-0.21	1.22	-0.00	1.17	-0.21	1.22	0..0	0..0
BlockChesstable	ChesstableRenderer	ModelChessTable	3	S	W	-0.21	1.22	-0.00	1.17	-0.21	1.22	0..0	0..0
BlockChesstable	ChesstableRenderer	ModelChessTable	4	W	N	-0.21	1.22	-0.00	1.17	-0.21	1.22	0..0	0..0
BlockChesstable	ChesstableRenderer	ModelChessTable	5	N	E	-0.21	1.22	-0.00	1.17	-0.21	1.22	0..0	0..0
BlockCone	PropRenderer	bmodel:cone	2	E	N	0.25	0.75	-0.00	0.75	0.25	0.75	0..0	0..0
BlockCone	PropRenderer	bmodel:cone	3	S	E	0.25	0.75	-0.00	0.75	0.25	0.75	0..0	0..0
BlockCone	PropRenderer	bmodel:cone	4	W	S	0.25	0.75	-0.00	0.75	0.25	0.75	0..0	0..0
BlockCone	PropRenderer	bmodel:cone	5	N	W	0.25	0.75	-0.00	0.75	0.25	0.75	0..0	0..0
BlockCookingStation	CookingStationRenderer	ModelCookingStation	2	E	W	0.06	1.00	-0.00	0.88	0.06	0.94	0..0	0..0
BlockCookingStation	CookingStationRenderer	ModelCookingStation	3	S	N	0.06	0.94	-0.00	0.88	0.06	1.00	0..0	0..0
BlockCookingStation	CookingStationRenderer	ModelCookingStation	4	W	E	0.00	0.94	-0.00	0.88	0.06	0.94	0..0	0..0
BlockCookingStation	CookingStationRenderer	ModelCookingStation	5	N	S	0.06	0.94	-0.00	0.88	0.00	0.94	0..0	0..0
BlockDumpster	PropRenderer	bmodel:dumpster	2	E	W	-0.34	1.55	-0.00	1.91	-0.88	1.88	-1..1	-1..1
BlockDumpster	PropRenderer	bmodel:dumpster	3	S	N	-0.88	1.88	-0.00	1.91	-0.34	1.55	-1..1	-1..1
BlockDumpster	PropRenderer	bmodel:dumpster	4	W	E	-0.55	1.34	-0.00	1.91	-0.88	1.88	-1..1	-1..1
BlockDumpster	PropRenderer	bmodel:dumpster	5	N	S	-0.88	1.88	-0.00	1.91	-0.55	1.34	-1..1	-1..1
BlockElectricBox1	ElectricBox1Renderer	ModelElectricBox1	2	E	W	0.00	0.19	0.00	2.19	0.06	1.00	0..-1	0..0
BlockElectricBox1	ElectricBox1Renderer	ModelElectricBox1	3	S	N	-0.00	0.94	-0.00	2.19	-0.00	0.19	0..0	0..-1
BlockElectricBox1	ElectricBox1Renderer	ModelElectricBox1	4	W	E	0.81	1.00	-0.00	2.19	-0.00	0.94	1..0	0..0
BlockElectricBox1	ElectricBox1Renderer	ModelElectricBox1	5	N	S	0.06	1.00	0.00	2.19	0.81	1.00	0..0	1..0
BlockElectricBox2	PropRenderer	ModelElectricbox2	2	E	W	-0.00	0.22	-0.00	3.00	0.22	0.75	0..-1	0..0
BlockElectricBox2	PropRenderer	ModelElectricbox2	3	S	N	0.25	0.78	-0.00	3.00	-0.00	0.22	0..0	0..-1
BlockElectricBox2	PropRenderer	ModelElectricbox2	4	W	E	0.78	1.00	-0.00	3.00	0.25	0.78	1..0	0..0
BlockElectricBox2	PropRenderer	ModelElectricbox2	5	N	S	0.22	0.75	0.00	3.00	0.78	1.00	0..0	1..0
BlockElectricBoxBin	PropRenderer	ModelElectricBoxBin	2	E	N	-0.00	1.00	0.03	2.00	-0.00	1.00	0..0	0..0
BlockElectricBoxBin	PropRenderer	ModelElectricBoxBin	3	S	E	-0.00	1.00	0.03	2.00	-0.00	1.00	0..0	0..0
BlockElectricBoxBin	PropRenderer	ModelElectricBoxBin	4	W	S	0.00	1.00	0.03	2.00	-0.00	1.00	0..0	0..0
BlockElectricBoxBin	PropRenderer	ModelElectricBoxBin	5	N	W	0.00	1.00	0.03	2.00	-0.00	1.00	0..0	0..0
BlockExitLight	ExitLightRenderer	ModelExitLight	2	E	W	0.00	0.12	0.61	0.93	0.19	0.81	0..-1	0..0
BlockExitLight	ExitLightRenderer	ModelExitLight	3	S	N	0.19	0.81	0.61	0.93	-0.00	0.12	0..0	0..-1
BlockExitLight	ExitLightRenderer	ModelExitLight	4	W	E	0.88	1.00	0.61	0.93	0.19	0.81	1..0	0..0
BlockExitLight	ExitLightRenderer	ModelExitLight	5	N	S	0.19	0.81	0.61	0.93	0.88	1.00	0..0	1..0
BlockFlagPollUAHD	FlagPollUAHDRenderer	ModelFlagPole	2	E	N	0.44	0.56	-0.00	8.00	-1.12	0.56	0..0	-1..0
BlockFlagPollUAHD	FlagPollUAHDRenderer	ModelFlagPole	3	S	E	0.44	2.12	-0.00	8.00	0.44	0.56	0..1	0..0
BlockFlagPollUAHD	FlagPollUAHDRenderer	ModelFlagPole	4	W	S	0.44	0.56	-0.00	8.00	0.44	2.12	0..0	0..1
BlockFlagPollUAHD	FlagPollUAHDRenderer	ModelFlagPole	5	N	W	-1.12	0.56	-0.00	8.00	0.44	0.56	-1..0	0..0
BlockFlagPollUSSR	FlagPollUSSRRenderer	ModelFlagPole	2	E	N	0.44	0.56	-0.00	8.00	-1.12	0.56	0..0	-1..0
BlockFlagPollUSSR	FlagPollUSSRRenderer	ModelFlagPole	3	S	E	0.44	2.12	-0.00	8.00	0.44	0.56	0..1	0..0
BlockFlagPollUSSR	FlagPollUSSRRenderer	ModelFlagPole	4	W	S	0.44	0.56	-0.00	8.00	0.44	2.12	0..0	0..1
BlockFlagPollUSSR	FlagPollUSSRRenderer	ModelFlagPole	5	N	W	-1.12	0.56	-0.00	8.00	0.44	0.56	-1..0	0..0
BlockFlatscreenTV	FlatscreenTVRenderer	ModelFlatscreenTV	2	E	W	0.00	0.12	-0.00	1.00	-0.44	1.44	0..-1	-1..1
BlockFlatscreenTV	FlatscreenTVRenderer	ModelFlatscreenTV	3	S	N	-0.44	1.44	-0.00	1.00	-0.00	0.12	-1..1	0..-1
BlockFlatscreenTV	FlatscreenTVRenderer	ModelFlatscreenTV	4	W	E	0.88	1.00	-0.00	1.00	-0.44	1.44	1..0	-1..1
BlockFlatscreenTV	FlatscreenTVRenderer	ModelFlatscreenTV	5	N	S	-0.44	1.44	0.00	1.00	0.88	1.00	-1..1	1..0
BlockFlatscreenTV_Emergency	FlatscreenTVEmergencyRenderer	ModelFlatscreenTVChannel	2	E	W	0.00	0.13	-0.00	1.00	-0.44	1.44	0..-1	-1..1
BlockFlatscreenTV_Emergency	FlatscreenTVEmergencyRenderer	ModelFlatscreenTVChannel	3	S	N	-0.44	1.44	-0.00	1.00	-0.00	0.13	-1..1	0..-1
BlockFlatscreenTV_Emergency	FlatscreenTVEmergencyRenderer	ModelFlatscreenTVChannel	4	W	E	0.87	1.00	-0.00	1.00	-0.44	1.44	1..0	-1..1
BlockFlatscreenTV_Emergency	FlatscreenTVEmergencyRenderer	ModelFlatscreenTVChannel	5	N	S	-0.44	1.44	0.00	1.00	0.87	1.00	-1..1	1..0
BlockFlatscreenTV_News	FlatscreenTVNewsRenderer	ModelFlatscreenTVChannel	2	E	W	0.00	0.13	-0.00	1.00	-0.44	1.44	0..-1	-1..1
BlockFlatscreenTV_News	FlatscreenTVNewsRenderer	ModelFlatscreenTVChannel	3	S	N	-0.44	1.44	-0.00	1.00	-0.00	0.13	-1..1	0..-1
BlockFlatscreenTV_News	FlatscreenTVNewsRenderer	ModelFlatscreenTVChannel	4	W	E	0.87	1.00	-0.00	1.00	-0.44	1.44	1..0	-1..1
BlockFlatscreenTV_News	FlatscreenTVNewsRenderer	ModelFlatscreenTVChannel	5	N	S	-0.44	1.44	0.00	1.00	0.87	1.00	-1..1	1..0
BlockFlatscreenTV_Target	FlatscreenTVTargetRenderer	ModelFlatscreenTVChannel	2	E	E	0.15	0.16	0.70	0.75	0.45	0.55	0..-1	0..0
BlockFlatscreenTV_Target	FlatscreenTVTargetRenderer	ModelFlatscreenTVChannel	3	S	S	0.45	0.55	0.70	0.75	0.15	0.16	0..0	0..-1
BlockFlatscreenTV_Target	FlatscreenTVTargetRenderer	ModelFlatscreenTVChannel	4	W	W	0.84	0.85	0.70	0.75	0.45	0.55	1..0	0..0
BlockFlatscreenTV_Target	FlatscreenTVTargetRenderer	ModelFlatscreenTVChannel	5	N	N	0.45	0.55	0.70	0.75	0.84	0.85	0..0	1..0
BlockFlatscreenTV_Youtube	FlatscreenTVYoutubeRenderer	ModelFlatscreenTVChannel	2	E	W	0.00	0.13	-0.00	1.00	-0.44	1.44	0..-1	-1..1
BlockFlatscreenTV_Youtube	FlatscreenTVYoutubeRenderer	ModelFlatscreenTVChannel	3	S	N	-0.44	1.44	-0.00	1.00	-0.00	0.13	-1..1	0..-1
BlockFlatscreenTV_Youtube	FlatscreenTVYoutubeRenderer	ModelFlatscreenTVChannel	4	W	E	0.87	1.00	-0.00	1.00	-0.44	1.44	1..0	-1..1
BlockFlatscreenTV_Youtube	FlatscreenTVYoutubeRenderer	ModelFlatscreenTVChannel	5	N	S	-0.44	1.44	0.00	1.00	0.87	1.00	-1..1	1..0
BlockHangingPlayer	HangingPlayerRenderer	ModelHangingPlayer	2	E	W	0.45	1.25	-1.31	1.03	-0.08	1.02	0..0	0..0
BlockHangingPlayer	HangingPlayerRenderer	ModelHangingPlayer	3	S	N	-0.02	1.08	-1.31	1.03	0.45	1.25	0..0	0..0
BlockHangingPlayer	HangingPlayerRenderer	ModelHangingPlayer	4	W	E	-0.25	0.55	-1.31	1.03	-0.02	1.08	0..0	0..0
BlockHangingPlayer	HangingPlayerRenderer	ModelHangingPlayer	5	N	S	-0.08	1.02	-1.31	1.03	-0.25	0.55	0..0	0..0
BlockHazardLamp	HazardLampRenderer	ModelHazardLamp	2	E	W	0.15	0.89	-0.00	0.44	0.15	0.90	0..0	0..0
BlockHazardLamp	HazardLampRenderer	ModelHazardLamp	3	S	N	0.10	0.85	-0.00	0.44	0.15	0.89	0..0	0..0
BlockHazardLamp	HazardLampRenderer	ModelHazardLamp	4	W	E	0.11	0.85	-0.00	0.44	0.10	0.85	0..0	0..0
BlockHazardLamp	HazardLampRenderer	ModelHazardLamp	5	N	S	0.15	0.90	-0.00	0.44	0.11	0.85	0..0	0..0
BlockHazardLight	PropRenderer	ModelHazardlight	2	E	W	-0.00	1.03	-0.00	2.44	-0.00	1.04	0..0	0..0
BlockHazardLight	PropRenderer	ModelHazardlight	3	S	N	-0.04	1.00	-0.00	2.44	-0.00	1.03	0..0	0..0
BlockHazardLight	PropRenderer	ModelHazardlight	4	W	E	-0.03	1.00	-0.00	2.44	-0.04	1.00	0..0	0..0
BlockHazardLight	PropRenderer	ModelHazardlight	5	N	S	-0.00	1.04	-0.00	2.44	-0.03	1.00	0..0	0..0
BlockHazardScreen_1	HazardScreen1Renderer	ModelHazardScreen	2	E	E	0.50	0.50	0.12	3.00	-0.00	1.00	0..0	0..0
BlockHazardScreen_1	HazardScreen1Renderer	ModelHazardScreen	3	S	S	0.00	1.00	0.12	3.00	0.50	0.50	0..0	0..0
BlockHazardScreen_1	HazardScreen1Renderer	ModelHazardScreen	4	W	E	0.50	0.50	0.12	3.00	-0.00	1.00	0..0	0..0
BlockHazardScreen_1	HazardScreen1Renderer	ModelHazardScreen	5	N	N	0.00	1.00	0.12	3.00	0.50	0.50	0..0	0..0
BlockHazardScreen_2	HazardScreen2Renderer	ModelHazardScreen	2	E	E	0.50	0.50	0.12	3.00	-0.00	1.00	0..0	0..0
BlockHazardScreen_2	HazardScreen2Renderer	ModelHazardScreen	3	S	S	0.00	1.00	0.12	3.00	0.50	0.50	0..0	0..0
BlockHazardScreen_2	HazardScreen2Renderer	ModelHazardScreen	4	W	E	0.50	0.50	0.12	3.00	-0.00	1.00	0..0	0..0
BlockHazardScreen_2	HazardScreen2Renderer	ModelHazardScreen	5	N	N	0.00	1.00	0.12	3.00	0.50	0.50	0..0	0..0
BlockHazardbarrier	HazardbarrierRenderer	ModelHazardbarrier	2	E	E	0.08	0.67	-0.01	0.78	-0.12	1.00	0..0	0..0
BlockHazardbarrier	HazardbarrierRenderer	ModelHazardbarrier	3	S	S	0.00	1.12	-0.01	0.78	0.08	0.67	0..0	0..0
BlockHazardbarrier	HazardbarrierRenderer	ModelHazardbarrier	4	W	W	0.33	0.92	-0.01	0.78	-0.00	1.12	0..0	0..0
BlockHazardbarrier	HazardbarrierRenderer	ModelHazardbarrier	5	N	N	-0.12	1.00	-0.01	0.78	0.33	0.92	0..0	0..0
BlockHazardpole	HazardpoleRenderer	ModelHazardpole	2	E	N	0.31	0.69	-0.00	1.50	0.31	0.69	0..0	0..0
BlockHazardpole	HazardpoleRenderer	ModelHazardpole	3	S	E	0.31	0.69	-0.00	1.50	0.31	0.69	0..0	0..0
BlockHazardpole	HazardpoleRenderer	ModelHazardpole	4	W	S	0.31	0.69	-0.00	1.50	0.31	0.69	0..0	0..0
BlockHazardpole	HazardpoleRenderer	ModelHazardpole	5	N	W	0.31	0.69	-0.00	1.50	0.31	0.69	0..0	0..0
BlockHedgehog	PropRenderer	ModelHedgehog	2	E	N	-0.24	1.74	-1.09	1.38	-0.20	1.46	0..1	0..1
BlockHedgehog	PropRenderer	ModelHedgehog	3	S	E	-0.46	1.21	-1.09	1.38	-0.24	1.74	-1..0	0..1
BlockHedgehog	PropRenderer	ModelHedgehog	4	W	S	-0.73	1.24	-1.09	1.38	-0.46	1.21	-1..0	-1..0
BlockHedgehog	PropRenderer	ModelHedgehog	5	N	W	-0.20	1.46	-1.09	1.38	-0.73	1.24	0..1	-1..0
BlockKeycardScreen	PropRenderer	ModelKeycardScreen	2	E	W	-0.12	0.17	0.09	0.91	0.25	0.75	0..-1	0..0
BlockKeycardScreen	PropRenderer	ModelKeycardScreen	3	S	N	0.25	0.75	0.09	0.91	-0.12	0.17	0..0	0..-1
BlockKeycardScreen	PropRenderer	ModelKeycardScreen	4	W	E	0.83	1.12	0.09	0.91	0.25	0.75	1..0	0..0
BlockKeycardScreen	PropRenderer	ModelKeycardScreen	5	N	S	0.25	0.75	0.09	0.91	0.83	1.12	0..0	1..0
BlockKeycardScreenLaboratory	PropRenderer	ModelKeycardScreen	2	E	W	-0.12	0.17	0.09	0.91	0.25	0.75	0..-1	0..0
BlockKeycardScreenLaboratory	PropRenderer	ModelKeycardScreen	3	S	N	0.25	0.75	0.09	0.91	-0.12	0.17	0..0	0..-1
BlockKeycardScreenLaboratory	PropRenderer	ModelKeycardScreen	4	W	E	0.83	1.12	0.09	0.91	0.25	0.75	1..0	0..0
BlockKeycardScreenLaboratory	PropRenderer	ModelKeycardScreen	5	N	S	0.25	0.75	0.09	0.91	0.83	1.12	0..0	1..0
BlockKeycardScreenMilitary	PropRenderer	ModelKeycardScreen	2	E	W	-0.12	0.17	0.09	0.91	0.25	0.75	0..-1	0..0
BlockKeycardScreenMilitary	PropRenderer	ModelKeycardScreen	3	S	N	0.25	0.75	0.09	0.91	-0.12	0.17	0..0	0..-1
BlockKeycardScreenMilitary	PropRenderer	ModelKeycardScreen	4	W	E	0.83	1.12	0.09	0.91	0.25	0.75	1..0	0..0
BlockKeycardScreenMilitary	PropRenderer	ModelKeycardScreen	5	N	S	0.25	0.75	0.09	0.91	0.83	1.12	0..0	1..0
BlockLantern	PropRenderer	ModelLantern	2	E	N	0.31	0.69	-0.00	0.66	0.31	0.69	0..0	0..0
BlockLantern	PropRenderer	ModelLantern	3	S	E	0.31	0.69	-0.00	0.66	0.31	0.69	0..0	0..0
BlockLantern	PropRenderer	ModelLantern	4	W	S	0.31	0.69	-0.00	0.66	0.31	0.69	0..0	0..0
BlockLantern	PropRenderer	ModelLantern	5	N	W	0.31	0.69	-0.00	0.66	0.31	0.69	0..0	0..0
BlockLight	LightRenderer	ModelLight	2	E	N	0.16	0.84	0.92	1.01	0.41	0.59	0..0	0..0
BlockLight	LightRenderer	ModelLight	3	S	E	0.41	0.59	0.92	1.01	0.16	0.84	0..0	0..0
BlockLight	LightRenderer	ModelLight	4	W	S	0.16	0.84	0.92	1.01	0.41	0.59	0..0	0..0
BlockLight	LightRenderer	ModelLight	5	N	W	0.41	0.59	0.92	1.01	0.16	0.84	0..0	0..0
BlockLightOff	LightOffRenderer	ModelLight	2	E	N	0.16	0.84	0.92	1.01	0.41	0.59	0..0	0..0
BlockLightOff	LightOffRenderer	ModelLight	3	S	E	0.41	0.59	0.92	1.01	0.16	0.84	0..0	0..0
BlockLightOff	LightOffRenderer	ModelLight	4	W	S	0.16	0.84	0.92	1.01	0.41	0.59	0..0	0..0
BlockLightOff	LightOffRenderer	ModelLight	5	N	W	0.41	0.59	0.92	1.01	0.16	0.84	0..0	0..0
BlockMailbox	MailboxRenderer	ModelMailbox	2	E	E	0.10	0.90	-0.00	1.45	0.10	0.90	0..0	0..0
BlockMailbox	MailboxRenderer	ModelMailbox	3	S	S	0.10	0.90	-0.00	1.45	0.10	0.90	0..0	0..0
BlockMailbox	MailboxRenderer	ModelMailbox	4	W	W	0.10	0.90	-0.00	1.45	0.10	0.90	0..0	0..0
BlockMailbox	MailboxRenderer	ModelMailbox	5	N	N	0.10	0.90	-0.00	1.45	0.10	0.90	0..0	0..0
BlockMaintenanceScreen	PropRenderer	ModelMaintenancescreen	2	E	W	-1.23	2.31	-0.02	3.76	-0.85	1.85	-1..2	-1..1
BlockMaintenanceScreen	PropRenderer	ModelMaintenancescreen	3	S	N	-0.85	1.85	-0.02	3.76	-1.23	2.31	-1..1	-1..2
BlockMaintenanceScreen	PropRenderer	ModelMaintenancescreen	4	W	E	-1.31	2.23	-0.02	3.76	-0.85	1.85	-2..1	-1..1
BlockMaintenanceScreen	PropRenderer	ModelMaintenancescreen	5	N	S	-0.85	1.85	-0.02	3.76	-1.31	2.23	-1..1	-2..1
BlockMechWreckage	PropRenderer	ModelMechwreckage	2	E	S	-0.25	1.79	-0.02	3.06	-0.89	1.89	0..1	-1..1
BlockMechWreckage	PropRenderer	ModelMechwreckage	3	S	W	-0.89	1.89	-0.02	3.06	-0.25	1.79	-1..1	0..1
BlockMechWreckage	PropRenderer	ModelMechwreckage	4	W	N	-0.79	1.25	-0.02	3.06	-0.89	1.89	-1..0	-1..1
BlockMechWreckage	PropRenderer	ModelMechwreckage	5	N	E	-0.89	1.89	-0.02	3.06	-0.79	1.25	-1..1	-1..0
BlockMedicalCrate	MedicalCrateRenderer	ModelSupplyCrate	2	E	W	-0.03	1.00	-0.01	1.15	-0.00	1.00	0..0	0..0
BlockMedicalCrate	MedicalCrateRenderer	ModelSupplyCrate	3	S	N	-0.00	1.00	-0.01	1.15	-0.03	1.00	0..0	0..0
BlockMedicalCrate	MedicalCrateRenderer	ModelSupplyCrate	4	W	E	-0.00	1.03	-0.01	1.15	-0.00	1.00	0..0	0..0
BlockMedicalCrate	MedicalCrateRenderer	ModelSupplyCrate	5	N	S	0.00	1.00	-0.01	1.15	-0.00	1.03	0..0	0..0
BlockMetalShelf	MetalShelfRenderer	ModelMetalShelf	2	E	N	-0.50	1.50	-0.00	2.06	-0.00	1.00	-1..1	0..0
BlockMetalShelf	MetalShelfRenderer	ModelMetalShelf	3	S	E	-0.00	1.00	-0.00	2.06	-0.50	1.50	0..0	-1..1
BlockMetalShelf	MetalShelfRenderer	ModelMetalShelf	4	W	S	-0.50	1.50	-0.00	2.06	-0.00	1.00	-1..1	0..0
BlockMetalShelf	MetalShelfRenderer	ModelMetalShelf	5	N	W	-0.00	1.00	-0.00	2.06	-0.50	1.50	0..0	-1..1
BlockMetalShelf_Empty	MetalShelfEmptyRenderer	ModelMetalShelfEmpty	2	E	N	-0.50	1.50	-0.00	2.06	-0.00	1.00	-1..1	0..0
BlockMetalShelf_Empty	MetalShelfEmptyRenderer	ModelMetalShelfEmpty	3	S	E	-0.00	1.00	-0.00	2.06	-0.50	1.50	0..0	-1..1
BlockMetalShelf_Empty	MetalShelfEmptyRenderer	ModelMetalShelfEmpty	4	W	S	-0.50	1.50	-0.00	2.06	-0.00	1.00	-1..1	0..0
BlockMetalShelf_Empty	MetalShelfEmptyRenderer	ModelMetalShelfEmpty	5	N	W	-0.00	1.00	-0.00	2.06	-0.50	1.50	0..0	-1..1
BlockMetalTable	PropRenderer	bmodel:metaltable	2	E	N	-0.00	1.00	-0.00	1.00	-0.50	1.50	0..0	-1..1
BlockMetalTable	PropRenderer	bmodel:metaltable	3	S	E	-0.50	1.50	-0.00	1.00	-0.00	1.00	-1..1	0..0
BlockMetalTable	PropRenderer	bmodel:metaltable	4	W	S	0.00	1.00	-0.00	1.00	-0.50	1.50	0..0	-1..1
BlockMetalTable	PropRenderer	bmodel:metaltable	5	N	W	-0.50	1.50	-0.00	1.00	-0.00	1.00	-1..1	0..0
BlockMetroRailing1	MetroRailing1Renderer	ModelMetroRailing1	2	E	W	0.25	0.75	-0.00	1.00	-0.00	0.75	0..0	0..0
BlockMetroRailing1	MetroRailing1Renderer	ModelMetroRailing1	3	S	N	0.25	1.00	-0.00	1.00	0.25	0.75	0..0	0..0
BlockMetroRailing1	MetroRailing1Renderer	ModelMetroRailing1	4	W	E	0.25	0.75	-0.00	1.00	0.25	1.00	0..0	0..0
BlockMetroRailing1	MetroRailing1Renderer	ModelMetroRailing1	5	N	S	0.00	0.75	-0.00	1.00	0.25	0.75	0..0	0..0
BlockMetroRailing2	MetroRailing2Renderer	ModelMetroRailing2	2	E	W	0.38	0.62	-0.00	1.00	-0.00	1.00	0..0	0..0
BlockMetroRailing2	MetroRailing2Renderer	ModelMetroRailing2	3	S	N	0.00	1.00	-0.00	1.00	0.38	0.62	0..0	0..0
BlockMetroRailing2	MetroRailing2Renderer	ModelMetroRailing2	4	W	E	0.38	0.62	-0.00	1.00	-0.00	1.00	0..0	0..0
BlockMetroRailing2	MetroRailing2Renderer	ModelMetroRailing2	5	N	S	0.00	1.00	-0.00	1.00	0.38	0.62	0..0	0..0
BlockMilitaryBarrier	PropRenderer	bmodel:militarybarrier	2	E	N	-0.00	1.00	-0.03	1.00	-0.00	1.00	0..0	0..0
BlockMilitaryBarrier	PropRenderer	bmodel:militarybarrier	3	S	E	-0.00	1.00	-0.03	1.00	-0.00	1.00	0..0	0..0
BlockMilitaryBarrier	PropRenderer	bmodel:militarybarrier	4	W	S	0.00	1.00	-0.03	1.00	-0.00	1.00	0..0	0..0
BlockMilitaryBarrier	PropRenderer	bmodel:militarybarrier	5	N	W	0.00	1.00	-0.03	1.00	-0.00	1.00	0..0	0..0
BlockMilitaryCrate	MilitaryCrateRenderer	ModelSupplyCrate	2	E	W	-0.03	1.00	-0.01	1.15	-0.00	1.00	0..0	0..0
BlockMilitaryCrate	MilitaryCrateRenderer	ModelSupplyCrate	3	S	N	-0.00	1.00	-0.01	1.15	-0.03	1.00	0..0	0..0
BlockMilitaryCrate	MilitaryCrateRenderer	ModelSupplyCrate	4	W	E	-0.00	1.03	-0.01	1.15	-0.00	1.00	0..0	0..0
BlockMilitaryCrate	MilitaryCrateRenderer	ModelSupplyCrate	5	N	S	0.00	1.00	-0.01	1.15	-0.00	1.03	0..0	0..0
BlockMilitaryRadio	PropRenderer	bmodel:militaryradio	2	E	N	-0.35	1.33	-0.00	0.77	-0.00	1.05	-1..1	0..0
BlockMilitaryRadio	PropRenderer	bmodel:militaryradio	3	S	E	-0.05	1.00	-0.00	0.77	-0.35	1.33	0..0	-1..1
BlockMilitaryRadio	PropRenderer	bmodel:militaryradio	4	W	S	-0.33	1.35	-0.00	0.77	-0.05	1.00	-1..1	0..0
BlockMilitaryRadio	PropRenderer	bmodel:militaryradio	5	N	W	0.00	1.05	-0.00	0.77	-0.33	1.35	0..0	-1..1
BlockMilitaryRadioOff	PropRenderer	bmodel:militaryradio	2	E	N	-0.35	1.33	-0.00	0.77	-0.00	1.05	-1..1	0..0
BlockMilitaryRadioOff	PropRenderer	bmodel:militaryradio	3	S	E	-0.05	1.00	-0.00	0.77	-0.35	1.33	0..0	-1..1
BlockMilitaryRadioOff	PropRenderer	bmodel:militaryradio	4	W	S	-0.33	1.35	-0.00	0.77	-0.05	1.00	-1..1	0..0
BlockMilitaryRadioOff	PropRenderer	bmodel:militaryradio	5	N	W	0.00	1.05	-0.00	0.77	-0.33	1.35	0..0	-1..1
BlockMilitaryRadioSmall	PropRenderer	ModelMilitaryradiosmall	2	E	W	0.09	0.98	-0.00	0.58	0.09	0.91	0..0	0..0
BlockMilitaryRadioSmall	PropRenderer	ModelMilitaryradiosmall	3	S	N	0.09	0.91	-0.00	0.58	0.09	0.98	0..0	0..0
BlockMilitaryRadioSmall	PropRenderer	ModelMilitaryradiosmall	4	W	E	0.02	0.91	-0.00	0.58	0.09	0.91	0..0	0..0
BlockMilitaryRadioSmall	PropRenderer	ModelMilitaryradiosmall	5	N	S	0.09	0.91	-0.00	0.58	0.02	0.91	0..0	0..0
BlockMilitaryRadioSmallOff	PropRenderer	ModelMilitaryradiosmalloff	2	E	W	0.09	0.98	-0.00	0.58	0.09	0.91	0..0	0..0
BlockMilitaryRadioSmallOff	PropRenderer	ModelMilitaryradiosmalloff	3	S	N	0.09	0.91	-0.00	0.58	0.09	0.98	0..0	0..0
BlockMilitaryRadioSmallOff	PropRenderer	ModelMilitaryradiosmalloff	4	W	E	0.02	0.91	-0.00	0.58	0.09	0.91	0..0	0..0
BlockMilitaryRadioSmallOff	PropRenderer	ModelMilitaryradiosmalloff	5	N	S	0.09	0.91	-0.00	0.58	0.02	0.91	0..0	0..0
BlockMissileLauncher	PropRenderer	bmodel:missilelauncher	2	E	E	-1.19	2.62	-0.04	3.74	-1.16	2.16	-1..2	-1..1
BlockMissileLauncher	PropRenderer	bmodel:missilelauncher	3	S	S	-1.16	2.16	-0.04	3.74	-1.19	2.62	-1..1	-1..2
BlockMissileLauncher	PropRenderer	bmodel:missilelauncher	4	W	W	-1.62	2.19	-0.04	3.74	-1.16	2.16	-2..1	-1..1
BlockMissileLauncher	PropRenderer	bmodel:missilelauncher	5	N	N	-1.16	2.16	-0.04	3.74	-1.62	2.19	-1..1	-2..1
BlockMonitor	PropRenderer	ModelMonitor	2	E	W	0.00	0.75	-0.00	1.00	-0.00	1.00	0..0	0..0
BlockMonitor	PropRenderer	ModelMonitor	3	S	N	0.00	1.00	-0.00	1.00	-0.00	0.75	0..0	0..0
BlockMonitor	PropRenderer	ModelMonitor	4	W	E	0.25	1.00	-0.00	1.00	-0.00	1.00	0..0	0..0
BlockMonitor	PropRenderer	ModelMonitor	5	N	S	0.00	1.00	-0.00	1.00	0.25	1.00	0..0	0..0
BlockNewsStand1	PropRenderer	bmodel:newsstand1	2	E	W	0.25	0.76	-0.00	1.19	0.09	0.91	0..0	0..0
BlockNewsStand1	PropRenderer	bmodel:newsstand1	3	S	N	0.09	0.91	-0.00	1.19	0.25	0.76	0..0	0..0
BlockNewsStand1	PropRenderer	bmodel:newsstand1	4	W	E	0.24	0.75	-0.00	1.19	0.09	0.91	0..0	0..0
BlockNewsStand1	PropRenderer	bmodel:newsstand1	5	N	S	0.09	0.91	-0.00	1.19	0.24	0.75	0..0	0..0
BlockNewsStand2	PropRenderer	bmodel:newsstand2	2	E	W	0.19	0.81	-0.00	1.47	-0.00	1.00	0..0	0..0
BlockNewsStand2	PropRenderer	bmodel:newsstand2	3	S	N	-0.00	1.00	-0.00	1.47	0.19	0.81	0..0	0..0
BlockNewsStand2	PropRenderer	bmodel:newsstand2	4	W	E	0.19	0.81	-0.00	1.47	-0.00	1.00	0..0	0..0
BlockNewsStand2	PropRenderer	bmodel:newsstand2	5	N	S	-0.00	1.00	-0.00	1.47	0.19	0.81	0..0	0..0
BlockOfficeChair	OfficeChairRenderer	ModelOfficeChair	2	E	W	0.04	0.96	-0.00	1.50	0.04	0.96	0..0	0..0
BlockOfficeChair	OfficeChairRenderer	ModelOfficeChair	3	S	N	0.04	0.96	-0.00	1.50	0.04	0.96	0..0	0..0
BlockOfficeChair	OfficeChairRenderer	ModelOfficeChair	4	W	E	0.04	0.96	-0.00	1.50	0.04	0.96	0..0	0..0
BlockOfficeChair	OfficeChairRenderer	ModelOfficeChair	5	N	S	0.04	0.96	-0.00	1.50	0.04	0.96	0..0	0..0
BlockPhonebooth	PhoneBoothRenderer	ModelPhoneBooth	2	E	W	0.00	0.50	-0.00	1.50	-0.00	1.00	0..0	0..0
BlockPhonebooth	PhoneBoothRenderer	ModelPhoneBooth	3	S	N	-0.00	1.00	-0.00	1.50	-0.00	0.50	0..0	0..0
BlockPhonebooth	PhoneBoothRenderer	ModelPhoneBooth	4	W	E	0.50	1.00	-0.00	1.50	-0.00	1.00	0..0	0..0
BlockPhonebooth	PhoneBoothRenderer	ModelPhoneBooth	5	N	S	0.00	1.00	0.00	1.50	0.50	1.00	0..0	0..0
BlockPhonebox	PhoneboxRenderer	ModelPhonebox	2	E	W	0.00	1.00	-0.00	2.25	-0.00	1.00	0..0	0..0
BlockPhonebox	PhoneboxRenderer	ModelPhonebox	3	S	N	-0.00	1.00	-0.00	2.25	-0.00	1.00	0..0	0..0
BlockPhonebox	PhoneboxRenderer	ModelPhonebox	4	W	E	-0.00	1.00	-0.00	2.25	-0.00	1.00	0..0	0..0
BlockPhonebox	PhoneboxRenderer	ModelPhonebox	5	N	S	0.00	1.00	-0.00	2.25	-0.00	1.00	0..0	0..0
BlockPoliceCrate	PoliceCrateRenderer	ModelSupplyCrate	2	E	W	-0.03	1.00	-0.01	1.15	-0.00	1.00	0..0	0..0
BlockPoliceCrate	PoliceCrateRenderer	ModelSupplyCrate	3	S	N	-0.00	1.00	-0.01	1.15	-0.03	1.00	0..0	0..0
BlockPoliceCrate	PoliceCrateRenderer	ModelSupplyCrate	4	W	E	-0.00	1.03	-0.01	1.15	-0.00	1.00	0..0	0..0
BlockPoliceCrate	PoliceCrateRenderer	ModelSupplyCrate	5	N	S	0.00	1.00	-0.01	1.15	-0.00	1.03	0..0	0..0
BlockPowerGenerator	PropRenderer	ModelPowerGenerator	2	E	N	-0.00	1.00	-0.00	0.88	-0.00	1.00	0..0	0..0
BlockPowerGenerator	PropRenderer	ModelPowerGenerator	3	S	E	-0.00	1.00	-0.00	0.88	-0.00	1.00	0..0	0..0
BlockPowerGenerator	PropRenderer	ModelPowerGenerator	4	W	S	0.00	1.00	-0.00	0.88	-0.00	1.00	0..0	0..0
BlockPowerGenerator	PropRenderer	ModelPowerGenerator	5	N	W	0.00	1.00	-0.00	0.88	-0.00	1.00	0..0	0..0
BlockPowerPole	PowerPoleRenderer	ModelPowerPole	2	E	N	0.33	0.59	-0.00	6.09	-0.25	1.25	0..0	0..0
BlockPowerPole	PowerPoleRenderer	ModelPowerPole	3	S	E	-0.25	1.25	-0.00	6.09	0.33	0.59	0..0	0..0
BlockPowerPole	PowerPoleRenderer	ModelPowerPole	4	W	S	0.41	0.67	-0.00	6.09	-0.25	1.25	0..0	0..0
BlockPowerPole	PowerPoleRenderer	ModelPowerPole	5	N	W	-0.25	1.25	-0.00	6.09	0.41	0.67	0..0	0..0
BlockPresent	PropRenderer	ModelPresent	2	E	N	0.22	0.78	-0.00	0.50	0.22	0.78	0..0	0..0
BlockPresent	PropRenderer	ModelPresent	3	S	E	0.22	0.78	-0.00	0.50	0.22	0.78	0..0	0..0
BlockPresent	PropRenderer	ModelPresent	4	W	S	0.22	0.78	-0.00	0.50	0.22	0.78	0..0	0..0
BlockPresent	PropRenderer	ModelPresent	5	N	W	0.22	0.78	-0.00	0.50	0.22	0.78	0..0	0..0
BlockPresent2	PropRenderer	ModelPresent	2	E	N	0.22	0.78	-0.00	0.50	0.22	0.78	0..0	0..0
BlockPresent2	PropRenderer	ModelPresent	3	S	E	0.22	0.78	-0.00	0.50	0.22	0.78	0..0	0..0
BlockPresent2	PropRenderer	ModelPresent	4	W	S	0.22	0.78	-0.00	0.50	0.22	0.78	0..0	0..0
BlockPresent2	PropRenderer	ModelPresent	5	N	W	0.22	0.78	-0.00	0.50	0.22	0.78	0..0	0..0
BlockPresent3	PropRenderer	ModelPresent	2	E	N	0.22	0.78	-0.00	0.50	0.22	0.78	0..0	0..0
BlockPresent3	PropRenderer	ModelPresent	3	S	E	0.22	0.78	-0.00	0.50	0.22	0.78	0..0	0..0
BlockPresent3	PropRenderer	ModelPresent	4	W	S	0.22	0.78	-0.00	0.50	0.22	0.78	0..0	0..0
BlockPresent3	PropRenderer	ModelPresent	5	N	W	0.22	0.78	-0.00	0.50	0.22	0.78	0..0	0..0
BlockRadio1	PropRenderer	ModelRadio	2	E	N	0.34	0.66	-0.00	0.62	0.06	0.94	0..0	0..0
BlockRadio1	PropRenderer	ModelRadio	3	S	E	0.06	0.94	-0.00	0.62	0.34	0.66	0..0	0..0
BlockRadio1	PropRenderer	ModelRadio	4	W	S	0.34	0.66	-0.00	0.62	0.06	0.94	0..0	0..0
BlockRadio1	PropRenderer	ModelRadio	5	N	W	0.06	0.94	-0.00	0.62	0.34	0.66	0..0	0..0
BlockRadioTower	PropRenderer	bmodel:radiotower	2	E	N	-0.04	1.04	-0.04	1.00	-0.11	1.00	0..0	0..0
BlockRadioTower	PropRenderer	bmodel:radiotower	3	S	E	-0.00	1.11	-0.04	1.00	-0.04	1.04	0..0	0..0
BlockRadioTower	PropRenderer	bmodel:radiotower	4	W	S	-0.04	1.04	-0.04	1.00	-0.00	1.11	0..0	0..0
BlockRadioTower	PropRenderer	bmodel:radiotower	5	N	W	-0.11	1.00	-0.04	1.00	-0.04	1.04	0..0	0..0
BlockRedlight	RedlightRenderer	ModelRedlight	2	E	S	0.34	0.66	-0.00	1.04	0.34	0.66	0..0	0..0
BlockRedlight	RedlightRenderer	ModelRedlight	3	S	W	0.34	0.66	-0.00	1.04	0.34	0.66	0..0	0..0
BlockRedlight	RedlightRenderer	ModelRedlight	4	W	N	0.34	0.66	-0.00	1.04	0.34	0.66	0..0	0..0
BlockRedlight	RedlightRenderer	ModelRedlight	5	N	E	0.34	0.66	-0.00	1.04	0.34	0.66	0..0	0..0
BlockRoadsign20	Roadsign20Renderer	ModelRoadsign	2	E	S	0.47	0.56	-0.00	2.19	0.22	0.78	0..0	0..0
BlockRoadsign20	Roadsign20Renderer	ModelRoadsign	3	S	W	0.22	0.78	-0.00	2.19	0.47	0.56	0..0	0..0
BlockRoadsign20	Roadsign20Renderer	ModelRoadsign	4	W	N	0.44	0.53	-0.00	2.19	0.22	0.78	0..0	0..0
BlockRoadsign20	Roadsign20Renderer	ModelRoadsign	5	N	E	0.22	0.78	-0.00	2.19	0.44	0.53	0..0	0..0
BlockRoadsign30	Roadsign30Renderer	ModelRoadsign	2	E	S	0.47	0.56	-0.00	2.19	0.22	0.78	0..0	0..0
BlockRoadsign30	Roadsign30Renderer	ModelRoadsign	3	S	W	0.22	0.78	-0.00	2.19	0.47	0.56	0..0	0..0
BlockRoadsign30	Roadsign30Renderer	ModelRoadsign	4	W	N	0.44	0.53	-0.00	2.19	0.22	0.78	0..0	0..0
BlockRoadsign30	Roadsign30Renderer	ModelRoadsign	5	N	E	0.22	0.78	-0.00	2.19	0.44	0.53	0..0	0..0
BlockRoadsign40	Roadsign40Renderer	ModelRoadsign	2	E	S	0.47	0.56	-0.00	2.19	0.22	0.78	0..0	0..0
BlockRoadsign40	Roadsign40Renderer	ModelRoadsign	3	S	W	0.22	0.78	-0.00	2.19	0.47	0.56	0..0	0..0
BlockRoadsign40	Roadsign40Renderer	ModelRoadsign	4	W	N	0.44	0.53	-0.00	2.19	0.22	0.78	0..0	0..0
BlockRoadsign40	Roadsign40Renderer	ModelRoadsign	5	N	E	0.22	0.78	-0.00	2.19	0.44	0.53	0..0	0..0
BlockRoadsign50	Roadsign50Renderer	ModelRoadsign	2	E	S	0.47	0.56	-0.00	2.19	0.22	0.78	0..0	0..0
BlockRoadsign50	Roadsign50Renderer	ModelRoadsign	3	S	W	0.22	0.78	-0.00	2.19	0.47	0.56	0..0	0..0
BlockRoadsign50	Roadsign50Renderer	ModelRoadsign	4	W	N	0.44	0.53	-0.00	2.19	0.22	0.78	0..0	0..0
BlockRoadsign50	Roadsign50Renderer	ModelRoadsign	5	N	E	0.22	0.78	-0.00	2.19	0.44	0.53	0..0	0..0
BlockRoadsign60	Roadsign60Renderer	ModelRoadsign	2	E	S	0.47	0.56	-0.00	2.19	0.22	0.78	0..0	0..0
BlockRoadsign60	Roadsign60Renderer	ModelRoadsign	3	S	W	0.22	0.78	-0.00	2.19	0.47	0.56	0..0	0..0
BlockRoadsign60	Roadsign60Renderer	ModelRoadsign	4	W	N	0.44	0.53	-0.00	2.19	0.22	0.78	0..0	0..0
BlockRoadsign60	Roadsign60Renderer	ModelRoadsign	5	N	E	0.22	0.78	-0.00	2.19	0.44	0.53	0..0	0..0
BlockRoadsignOneway	RoadsignOnewayRenderer	ModelRoadsign	2	E	S	0.47	0.56	-0.00	2.19	0.22	0.78	0..0	0..0
BlockRoadsignOneway	RoadsignOnewayRenderer	ModelRoadsign	3	S	W	0.22	0.78	-0.00	2.19	0.47	0.56	0..0	0..0
BlockRoadsignOneway	RoadsignOnewayRenderer	ModelRoadsign	4	W	N	0.44	0.53	-0.00	2.19	0.22	0.78	0..0	0..0
BlockRoadsignOneway	RoadsignOnewayRenderer	ModelRoadsign	5	N	E	0.22	0.78	-0.00	2.19	0.44	0.53	0..0	0..0
BlockRoadsignParking	RoadsignParkingRenderer	ModelRoadsign	2	E	S	0.47	0.56	-0.00	2.19	0.22	0.78	0..0	0..0
BlockRoadsignParking	RoadsignParkingRenderer	ModelRoadsign	3	S	W	0.22	0.78	-0.00	2.19	0.47	0.56	0..0	0..0
BlockRoadsignParking	RoadsignParkingRenderer	ModelRoadsign	4	W	N	0.44	0.53	-0.00	2.19	0.22	0.78	0..0	0..0
BlockRoadsignParking	RoadsignParkingRenderer	ModelRoadsign	5	N	E	0.22	0.78	-0.00	2.19	0.44	0.53	0..0	0..0
BlockRoadsignStop	RoadsignStopRenderer	ModelRoadsign	2	E	S	0.47	0.56	-0.00	2.19	0.22	0.78	0..0	0..0
BlockRoadsignStop	RoadsignStopRenderer	ModelRoadsign	3	S	W	0.22	0.78	-0.00	2.19	0.47	0.56	0..0	0..0
BlockRoadsignStop	RoadsignStopRenderer	ModelRoadsign	4	W	N	0.44	0.53	-0.00	2.19	0.22	0.78	0..0	0..0
BlockRoadsignStop	RoadsignStopRenderer	ModelRoadsign	5	N	E	0.22	0.78	-0.00	2.19	0.44	0.53	0..0	0..0
BlockShopDisplay_1	ShopDisplay1Renderer	ModelShopDisplay1	2	E	N	-0.00	1.00	-0.00	1.12	-0.00	1.00	0..0	0..0
BlockShopDisplay_1	ShopDisplay1Renderer	ModelShopDisplay1	3	S	E	-0.00	1.00	-0.00	1.12	-0.00	1.00	0..0	0..0
BlockShopDisplay_1	ShopDisplay1Renderer	ModelShopDisplay1	4	W	S	0.00	1.00	-0.00	1.12	-0.00	1.00	0..0	0..0
BlockShopDisplay_1	ShopDisplay1Renderer	ModelShopDisplay1	5	N	W	0.00	1.00	-0.00	1.12	-0.00	1.00	0..0	0..0
BlockSkeletonGround	PropRenderer	bmodel:skeletonground	2	E	W	-0.12	1.93	-0.04	0.56	0.01	0.99	0..1	0..0
BlockSkeletonGround	PropRenderer	bmodel:skeletonground	3	S	N	0.01	0.99	-0.04	0.56	-0.12	1.93	0..0	0..1
BlockSkeletonGround	PropRenderer	bmodel:skeletonground	4	W	E	-0.93	1.12	-0.04	0.56	0.01	0.99	-1..0	0..0
BlockSkeletonGround	PropRenderer	bmodel:skeletonground	5	N	S	0.01	0.99	-0.04	0.56	-0.93	1.12	0..0	-1..0
BlockSkeletonWall	PropRenderer	bmodel:skeletonwall	2	E	W	0.05	1.08	-0.03	1.32	0.02	0.97	0..0	0..0
BlockSkeletonWall	PropRenderer	bmodel:skeletonwall	3	S	N	0.03	0.98	-0.03	1.32	0.05	1.08	0..0	0..0
BlockSkeletonWall	PropRenderer	bmodel:skeletonwall	4	W	E	-0.08	0.95	-0.03	1.32	0.03	0.98	0..0	0..0
BlockSkeletonWall	PropRenderer	bmodel:skeletonwall	5	N	S	0.02	0.97	-0.03	1.32	-0.08	0.95	0..0	0..0
BlockSpotlight	PropRenderer	bmodel:spotlight	2	E	W	-1.10	2.10	-0.00	1.74	-0.76	1.76	-1..1	-1..1
BlockSpotlight	PropRenderer	bmodel:spotlight	3	S	N	-0.76	1.76	-0.00	1.74	-1.10	2.10	-1..1	-1..1
BlockSpotlight	PropRenderer	bmodel:spotlight	4	W	E	-1.10	2.10	-0.00	1.74	-0.76	1.76	-1..1	-1..1
BlockSpotlight	PropRenderer	bmodel:spotlight	5	N	S	-0.76	1.76	-0.00	1.74	-1.10	2.10	-1..1	-1..1
BlockStereo	PropRenderer	ModelRadio	2	E	N	0.34	0.66	-0.00	0.62	0.06	0.94	0..0	0..0
BlockStereo	PropRenderer	ModelRadio	3	S	E	0.06	0.94	-0.00	0.62	0.34	0.66	0..0	0..0
BlockStereo	PropRenderer	ModelRadio	4	W	S	0.34	0.66	-0.00	0.62	0.06	0.94	0..0	0..0
BlockStereo	PropRenderer	ModelRadio	5	N	W	0.06	0.94	-0.00	0.62	0.34	0.66	0..0	0..0
BlockStorageCrate	StorageCrateRenderer	ModelStorageCrate	2	E	W	-0.03	1.02	-0.06	0.88	-0.03	1.01	0..0	0..0
BlockStorageCrate	StorageCrateRenderer	ModelStorageCrate	3	S	E	-0.03	1.02	-0.06	0.88	-0.01	1.03	0..0	0..0
BlockStorageCrate	StorageCrateRenderer	ModelStorageCrate	4	W	S	-0.03	1.01	-0.06	0.88	-0.03	1.02	0..0	0..0
BlockStorageCrate	StorageCrateRenderer	ModelStorageCrate	5	N	N	-0.01	1.03	-0.06	0.88	-0.03	1.02	0..0	0..0
BlockStreetBarrier	StreetBarrierRenderer	ModelStreetBarrier	2	E	E	0.25	0.75	-0.00	3.00	-0.00	1.00	0..0	0..0
BlockStreetBarrier	StreetBarrierRenderer	ModelStreetBarrier	3	S	S	0.00	1.00	-0.00	3.00	0.25	0.75	0..0	0..0
BlockStreetBarrier	StreetBarrierRenderer	ModelStreetBarrier	4	W	W	0.25	0.75	-0.00	3.00	-0.00	1.00	0..0	0..0
BlockStreetBarrier	StreetBarrierRenderer	ModelStreetBarrier	5	N	N	0.00	1.00	-0.00	3.00	0.25	0.75	0..0	0..0
BlockStreetBench	StreetBenchRenderer	ModelStreetBench	2	E	S	0.00	0.81	-0.00	1.32	-0.00	1.00	0..0	0..0
BlockStreetBench	StreetBenchRenderer	ModelStreetBench	3	S	W	0.00	1.00	0.00	1.32	-0.00	0.81	0..0	0..0
BlockStreetBench	StreetBenchRenderer	ModelStreetBench	4	W	N	0.19	1.00	-0.00	1.32	-0.00	1.00	0..0	0..0
BlockStreetBench	StreetBenchRenderer	ModelStreetBench	5	N	E	-0.00	1.00	-0.00	1.32	0.19	1.00	0..0	0..0
BlockStreetBin	PropRenderer	bmodel:streetbin	2	E	W	0.03	0.97	-0.00	0.94	0.03	0.97	0..0	0..0
BlockStreetBin	PropRenderer	bmodel:streetbin	3	S	N	0.03	0.97	-0.00	0.94	0.03	0.97	0..0	0..0
BlockStreetBin	PropRenderer	bmodel:streetbin	4	W	E	0.03	0.97	-0.00	0.94	0.03	0.97	0..0	0..0
BlockStreetBin	PropRenderer	bmodel:streetbin	5	N	S	0.03	0.97	-0.00	0.94	0.03	0.97	0..0	0..0
BlockStreetLight	PropRenderer	bmodel:streetlight	2	E	S	0.41	3.07	-0.00	7.85	0.38	0.62	0..2	0..0
BlockStreetLight	PropRenderer	bmodel:streetlight	3	S	W	0.38	0.62	-0.00	7.85	0.41	3.07	0..0	0..2
BlockStreetLight	PropRenderer	bmodel:streetlight	4	W	N	-2.07	0.59	-0.00	7.85	0.38	0.62	-2..0	0..0
BlockStreetLight	PropRenderer	bmodel:streetlight	5	N	E	0.38	0.62	-0.00	7.85	-2.07	0.59	0..0	-2..0
BlockStreetLightMiddle	PropRenderer	bmodel:streetlightmiddle	2	E	S	-2.18	3.07	-0.00	7.86	0.38	0.62	-2..2	0..0
BlockStreetLightMiddle	PropRenderer	bmodel:streetlightmiddle	3	S	W	0.38	0.62	-0.00	7.86	-2.18	3.07	0..0	-2..2
BlockStreetLightMiddle	PropRenderer	bmodel:streetlightmiddle	4	W	N	-2.07	3.18	-0.00	7.86	0.38	0.62	-2..2	0..0
BlockStreetLightMiddle	PropRenderer	bmodel:streetlightmiddle	5	N	E	0.38	0.62	-0.00	7.86	-2.07	3.18	0..0	-2..2
BlockStretcher	PropRenderer	bmodel:stretcher	2	E	N	-0.06	1.06	-0.00	0.54	-0.55	1.55	0..0	-1..1
BlockStretcher	PropRenderer	bmodel:stretcher	3	S	E	-0.55	1.55	-0.00	0.54	-0.06	1.06	-1..1	0..0
BlockStretcher	PropRenderer	bmodel:stretcher	4	W	S	-0.06	1.06	-0.00	0.54	-0.55	1.55	0..0	-1..1
BlockStretcher	PropRenderer	bmodel:stretcher	5	N	W	-0.55	1.55	-0.00	0.54	-0.06	1.06	-1..1	0..0
BlockStudioCamera	StudioCameraRenderer	ModelStudioCamera	2	E	N	-0.04	1.04	-0.06	2.00	-0.04	1.04	0..0	0..0
BlockStudioCamera	StudioCameraRenderer	ModelStudioCamera	3	S	E	-0.04	1.04	-0.06	2.00	-0.04	1.04	0..0	0..0
BlockStudioCamera	StudioCameraRenderer	ModelStudioCamera	4	W	S	-0.08	1.08	-0.06	2.00	-0.08	1.08	0..0	0..0
BlockStudioCamera	StudioCameraRenderer	ModelStudioCamera	5	N	W	-0.04	1.04	-0.06	2.00	-0.04	1.04	0..0	0..0
BlockTarget	TargetRenderer	ModelTarget	2	E	W	0.44	0.56	0.03	1.02	0.12	0.88	0..0	0..0
BlockTarget	TargetRenderer	ModelTarget	3	S	N	0.12	0.88	0.03	1.02	0.44	0.56	0..0	0..0
BlockTarget	TargetRenderer	ModelTarget	4	W	E	0.44	0.56	0.03	1.02	0.12	0.88	0..0	0..0
BlockTarget	TargetRenderer	ModelTarget	5	N	S	0.12	0.88	0.03	1.02	0.44	0.56	0..0	0..0
BlockTicketGate	TicketGateRenderer	ModelTicketGate	2	E	W	-0.06	1.06	-0.00	1.25	-0.00	1.00	0..0	0..0
BlockTicketGate	TicketGateRenderer	ModelTicketGate	3	S	N	-0.00	1.00	-0.00	1.25	-0.06	1.06	0..0	0..0
BlockTicketGate	TicketGateRenderer	ModelTicketGate	4	W	E	-0.06	1.06	-0.00	1.25	-0.00	1.00	0..0	0..0
BlockTicketGate	TicketGateRenderer	ModelTicketGate	5	N	S	0.00	1.00	-0.00	1.25	-0.06	1.06	0..0	0..0
BlockTicketGate_Open	TicketGateOpenRenderer	ModelTicketGateOpen	2	E	W	-0.06	1.06	-0.00	1.25	-0.00	1.00	0..0	0..0
BlockTicketGate_Open	TicketGateOpenRenderer	ModelTicketGateOpen	3	S	N	-0.00	1.00	-0.00	1.25	-0.06	1.06	0..0	0..0
BlockTicketGate_Open	TicketGateOpenRenderer	ModelTicketGateOpen	4	W	E	-0.06	1.06	-0.00	1.25	-0.00	1.00	0..0	0..0
BlockTicketGate_Open	TicketGateOpenRenderer	ModelTicketGateOpen	5	N	S	0.00	1.00	-0.00	1.25	-0.06	1.06	0..0	0..0
BlockTire	PropRenderer	ModelTire	2	E	N	0.03	0.97	-0.01	0.33	0.03	0.97	0..0	0..0
BlockTire	PropRenderer	ModelTire	3	S	E	0.03	0.97	-0.01	0.33	0.03	0.97	0..0	0..0
BlockTire	PropRenderer	ModelTire	4	W	S	0.03	0.97	-0.01	0.33	0.03	0.97	0..0	0..0
BlockTire	PropRenderer	ModelTire	5	N	W	0.03	0.97	-0.01	0.33	0.03	0.97	0..0	0..0
BlockTireStack	TireStackRenderer	ModelTireStack	2	E	N	-0.15	1.15	-0.00	1.00	-0.15	1.15	0..0	0..0
BlockTireStack	TireStackRenderer	ModelTireStack	3	S	E	-0.15	1.15	-0.00	1.00	-0.15	1.15	0..0	0..0
BlockTireStack	TireStackRenderer	ModelTireStack	4	W	S	-0.15	1.15	-0.00	1.00	-0.15	1.15	0..0	0..0
BlockTireStack	TireStackRenderer	ModelTireStack	5	N	W	-0.15	1.15	-0.00	1.00	-0.15	1.15	0..0	0..0
BlockTrafficLights	PropRenderer	bmodel:trafficlight	2	E	S	0.41	7.44	-0.00	7.85	0.25	0.62	0..7	0..0
BlockTrafficLights	PropRenderer	bmodel:trafficlight	3	S	W	0.38	0.75	-0.00	7.85	0.41	7.44	0..0	0..7
BlockTrafficLights	PropRenderer	bmodel:trafficlight	4	W	N	-6.44	0.59	-0.00	7.85	0.38	0.75	-7..0	0..0
BlockTrafficLights	PropRenderer	bmodel:trafficlight	5	N	E	0.25	0.62	-0.00	7.85	-6.44	0.59	0..0	-7..0
BlockTrafficLightsMiddle	PropRenderer	bmodel:trafficlightmiddle	2	E	S	-2.94	3.94	-0.00	6.03	0.25	0.59	-3..3	0..0
BlockTrafficLightsMiddle	PropRenderer	bmodel:trafficlightmiddle	3	S	W	0.41	0.75	-0.00	6.03	-2.94	3.94	0..0	-3..3
BlockTrafficLightsMiddle	PropRenderer	bmodel:trafficlightmiddle	4	W	N	-2.94	3.94	-0.00	6.03	0.41	0.75	-3..3	0..0
BlockTrafficLightsMiddle	PropRenderer	bmodel:trafficlightmiddle	5	N	E	0.25	0.59	-0.00	6.03	-2.94	3.94	0..0	-3..3
BlockTrashBag1	PropRenderer	bmodel:trashbag1	2	E	W	0.28	0.97	-0.00	0.82	0.06	0.83	0..0	0..0
BlockTrashBag1	PropRenderer	bmodel:trashbag1	3	S	N	0.17	0.94	-0.00	0.82	0.28	0.97	0..0	0..0
BlockTrashBag1	PropRenderer	bmodel:trashbag1	4	W	E	0.03	0.72	-0.00	0.82	0.17	0.94	0..0	0..0
BlockTrashBag1	PropRenderer	bmodel:trashbag1	5	N	S	0.06	0.83	-0.00	0.82	0.03	0.72	0..0	0..0
BlockTrashBag2	PropRenderer	bmodel:trashbag2	2	E	W	0.06	0.89	-0.00	0.86	0.13	1.10	0..0	0..0
BlockTrashBag2	PropRenderer	bmodel:trashbag2	3	S	N	-0.10	0.87	-0.00	0.86	0.06	0.89	0..0	0..0
BlockTrashBag2	PropRenderer	bmodel:trashbag2	4	W	E	0.11	0.94	-0.00	0.86	-0.10	0.87	0..0	0..0
BlockTrashBag2	PropRenderer	bmodel:trashbag2	5	N	S	0.13	1.10	-0.00	0.86	0.11	0.94	0..0	0..0
BlockTrashcan	TrashcanRenderer	ModelTrashcan	2	E	N	0.06	0.94	-0.00	1.19	0.06	0.94	0..0	0..0
BlockTrashcan	TrashcanRenderer	ModelTrashcan	3	S	E	0.06	0.94	-0.00	1.19	0.06	0.94	0..0	0..0
BlockTrashcan	TrashcanRenderer	ModelTrashcan	4	W	S	0.06	0.94	-0.00	1.19	0.06	0.94	0..0	0..0
BlockTrashcan	TrashcanRenderer	ModelTrashcan	5	N	W	0.06	0.94	-0.00	1.19	0.06	0.94	0..0	0..0
BlockTruckWreckage1	PropRenderer	bmodel:truckwreckage	2	E	N	-3.16	4.19	-0.14	2.31	-1.15	2.13	-3..3	-1..1
BlockTruckWreckage1	PropRenderer	bmodel:truckwreckage	3	S	E	-1.13	2.15	-0.14	2.31	-3.16	4.19	-1..1	-3..3
BlockTruckWreckage1	PropRenderer	bmodel:truckwreckage	4	W	S	-3.19	4.16	-0.14	2.31	-1.13	2.15	-3..3	-1..1
BlockTruckWreckage1	PropRenderer	bmodel:truckwreckage	5	N	W	-1.15	2.13	-0.14	2.31	-3.19	4.16	-1..1	-3..3
BlockTruckWreckage2	PropRenderer	bmodel:truckwreckage	2	E	N	-3.16	4.19	-0.14	2.31	-1.15	2.13	-3..3	-1..1
BlockTruckWreckage2	PropRenderer	bmodel:truckwreckage	3	S	E	-1.13	2.15	-0.14	2.31	-3.16	4.19	-1..1	-3..3
BlockTruckWreckage2	PropRenderer	bmodel:truckwreckage	4	W	S	-3.19	4.16	-0.14	2.31	-1.13	2.15	-3..3	-1..1
BlockTruckWreckage2	PropRenderer	bmodel:truckwreckage	5	N	W	-1.15	2.13	-0.14	2.31	-3.19	4.16	-1..1	-3..3
BlockTruckWreckage3	PropRenderer	bmodel:truckwreckage	2	E	N	-3.16	4.19	-0.14	2.31	-1.15	2.13	-3..3	-1..1
BlockTruckWreckage3	PropRenderer	bmodel:truckwreckage	3	S	E	-1.13	2.15	-0.14	2.31	-3.16	4.19	-1..1	-3..3
BlockTruckWreckage3	PropRenderer	bmodel:truckwreckage	4	W	S	-3.19	4.16	-0.14	2.31	-1.13	2.15	-3..3	-1..1
BlockTruckWreckage3	PropRenderer	bmodel:truckwreckage	5	N	W	-1.15	2.13	-0.14	2.31	-3.19	4.16	-1..1	-3..3
BlockTruckWreckage4	PropRenderer	bmodel:truckwreckage	2	E	N	-3.16	4.19	-0.14	2.31	-1.15	2.13	-3..3	-1..1
BlockTruckWreckage4	PropRenderer	bmodel:truckwreckage	3	S	E	-1.13	2.15	-0.14	2.31	-3.16	4.19	-1..1	-3..3
BlockTruckWreckage4	PropRenderer	bmodel:truckwreckage	4	W	S	-3.19	4.16	-0.14	2.31	-1.13	2.15	-3..3	-1..1
BlockTruckWreckage4	PropRenderer	bmodel:truckwreckage	5	N	W	-1.15	2.13	-0.14	2.31	-3.19	4.16	-1..1	-3..3
BlockTruckWreckage5	PropRenderer	bmodel:truckwreckage	2	E	N	-3.16	4.19	-0.14	2.31	-1.15	2.13	-3..3	-1..1
BlockTruckWreckage5	PropRenderer	bmodel:truckwreckage	3	S	E	-1.13	2.15	-0.14	2.31	-3.16	4.19	-1..1	-3..3
BlockTruckWreckage5	PropRenderer	bmodel:truckwreckage	4	W	S	-3.19	4.16	-0.14	2.31	-1.13	2.15	-3..3	-1..1
BlockTruckWreckage5	PropRenderer	bmodel:truckwreckage	5	N	W	-1.15	2.13	-0.14	2.31	-3.19	4.16	-1..1	-3..3
BlockTruckWreckage6	PropRenderer	bmodel:truckwreckage	2	E	N	-3.16	4.19	-0.14	2.31	-1.15	2.13	-3..3	-1..1
BlockTruckWreckage6	PropRenderer	bmodel:truckwreckage	3	S	E	-1.13	2.15	-0.14	2.31	-3.16	4.19	-1..1	-3..3
BlockTruckWreckage6	PropRenderer	bmodel:truckwreckage	4	W	S	-3.19	4.16	-0.14	2.31	-1.13	2.15	-3..3	-1..1
BlockTruckWreckage6	PropRenderer	bmodel:truckwreckage	5	N	W	-1.15	2.13	-0.14	2.31	-3.19	4.16	-1..1	-3..3
BlockVendingMachine_1	VendingMachine1Renderer	ModelVendingMachine	2	E	S	0.00	1.00	-0.00	2.31	-0.03	1.00	0..0	0..0
BlockVendingMachine_1	VendingMachine1Renderer	ModelVendingMachine	3	S	W	0.00	1.03	-0.00	2.31	-0.00	1.00	0..0	0..0
BlockVendingMachine_1	VendingMachine1Renderer	ModelVendingMachine	4	W	N	-0.00	1.00	-0.00	2.31	-0.00	1.03	0..0	0..0
BlockVendingMachine_1	VendingMachine1Renderer	ModelVendingMachine	5	N	E	-0.03	1.00	-0.00	2.31	-0.00	1.00	0..0	0..0
BlockVendingMachine_2	VendingMachine2Renderer	ModelVendingMachine	2	E	S	0.00	1.00	-0.00	2.31	-0.03	1.00	0..0	0..0
BlockVendingMachine_2	VendingMachine2Renderer	ModelVendingMachine	3	S	W	0.00	1.03	-0.00	2.31	-0.00	1.00	0..0	0..0
BlockVendingMachine_2	VendingMachine2Renderer	ModelVendingMachine	4	W	N	-0.00	1.00	-0.00	2.31	-0.00	1.03	0..0	0..0
BlockVendingMachine_2	VendingMachine2Renderer	ModelVendingMachine	5	N	E	-0.03	1.00	-0.00	2.31	-0.00	1.00	0..0	0..0
BlockWallflag	WallflagRenderer	ModelWallflag	2	E	W	0.01	0.14	-1.59	0.91	-0.54	1.54	0..-1	-1..1
BlockWallflag	WallflagRenderer	ModelWallflag	3	S	N	-0.54	1.54	-1.59	0.91	0.01	0.14	-1..1	0..-1
BlockWallflag	WallflagRenderer	ModelWallflag	4	W	E	0.86	0.99	-1.59	0.91	-0.54	1.54	1..0	-1..1
BlockWallflag	WallflagRenderer	ModelWallflag	5	N	S	-0.54	1.54	-1.59	0.91	0.86	0.99	-1..1	1..0
BlockWashingMachine	WashingMachineRenderer	ModelWashingMachine	2	E	W	0.00	1.06	-0.00	1.06	-0.00	1.00	0..0	0..0
BlockWashingMachine	WashingMachineRenderer	ModelWashingMachine	3	S	N	-0.00	1.00	-0.00	1.06	-0.00	1.06	0..0	0..0
BlockWashingMachine	WashingMachineRenderer	ModelWashingMachine	4	W	E	-0.06	1.00	-0.00	1.06	-0.00	1.00	0..0	0..0
BlockWashingMachine	WashingMachineRenderer	ModelWashingMachine	5	N	S	0.00	1.00	-0.00	1.06	-0.06	1.00	0..0	0..0
BlockWaterPallet	PropRenderer	bmodel:waterpallet	2	E	N	-0.01	1.01	0.00	1.09	-0.01	1.01	0..0	0..0
BlockWaterPallet	PropRenderer	bmodel:waterpallet	3	S	E	-0.01	1.01	0.00	1.09	-0.01	1.01	0..0	0..0
BlockWaterPallet	PropRenderer	bmodel:waterpallet	4	W	S	-0.01	1.01	0.00	1.09	-0.01	1.01	0..0	0..0
BlockWaterPallet	PropRenderer	bmodel:waterpallet	5	N	W	-0.01	1.01	0.00	1.09	-0.01	1.01	0..0	0..0
BlockWaterPalletTarp	PropRenderer	bmodel:waterpallettarp	2	E	N	-0.03	1.03	0.00	1.00	-0.03	1.03	0..0	0..0
BlockWaterPalletTarp	PropRenderer	bmodel:waterpallettarp	3	S	E	-0.03	1.03	0.00	1.00	-0.03	1.03	0..0	0..0
BlockWaterPalletTarp	PropRenderer	bmodel:waterpallettarp	4	W	S	-0.03	1.03	0.00	1.00	-0.03	1.03	0..0	0..0
BlockWaterPalletTarp	PropRenderer	bmodel:waterpallettarp	5	N	W	-0.03	1.03	0.00	1.00	-0.03	1.03	0..0	0..0
BlockWaterfountain	WaterfountainRenderer	ModelWaterfountain	2	E	W	0.00	0.69	-0.00	1.37	0.06	0.94	0..0	0..0
BlockWaterfountain	WaterfountainRenderer	ModelWaterfountain	3	S	N	0.06	0.94	-0.00	1.37	-0.00	0.69	0..0	0..0
BlockWaterfountain	WaterfountainRenderer	ModelWaterfountain	4	W	E	0.31	1.00	-0.00	1.37	0.06	0.94	0..0	0..0
BlockWaterfountain	WaterfountainRenderer	ModelWaterfountain	5	N	S	0.06	0.94	0.00	1.37	0.31	1.00	0..0	0..0
BlockWaterpump	PropRenderer	ModelWaterpump	2	E	N	-0.30	1.00	-0.00	1.90	-0.00	1.00	-1..0	0..0
BlockWaterpump	PropRenderer	ModelWaterpump	3	S	E	-0.00	1.00	-0.00	1.90	-0.30	1.00	0..0	-1..0
BlockWaterpump	PropRenderer	ModelWaterpump	4	W	S	0.00	1.30	-0.00	1.90	-0.00	1.00	0..1	0..0
BlockWaterpump	PropRenderer	ModelWaterpump	5	N	W	0.00	1.00	-0.00	1.90	-0.00	1.30	0..0	0..1
BlockWeaponCabinet	WeaponCabinetRenderer	ModelWeaponCabinet	2	E	N	0.06	1.34	0.05	2.07	-0.00	1.00	0..1	0..0
BlockWeaponCabinet	WeaponCabinetRenderer	ModelWeaponCabinet	3	S	E	-0.00	1.00	0.05	2.07	0.06	1.34	0..0	0..1
BlockWeaponCabinet	WeaponCabinetRenderer	ModelWeaponCabinet	4	W	S	-0.34	0.94	0.05	2.07	-0.00	1.00	-1..0	0..0
BlockWeaponCabinet	WeaponCabinetRenderer	ModelWeaponCabinet	5	N	W	0.00	1.00	0.05	2.07	-0.34	0.94	0..0	-1..0
BlockWoodCrate	PropRenderer	ModelWoodcrate	2	E	S	0.09	0.92	-0.00	0.83	-0.19	1.19	0..0	0..0
BlockWoodCrate	PropRenderer	ModelWoodcrate	3	S	W	-0.19	1.19	-0.00	0.83	0.09	0.92	0..0	0..0
BlockWoodCrate	PropRenderer	ModelWoodcrate	4	W	N	0.08	0.91	-0.00	0.83	-0.19	1.19	0..0	0..0
BlockWoodCrate	PropRenderer	ModelWoodcrate	5	N	E	-0.19	1.19	-0.00	0.83	0.08	0.91	0..0	0..0
BlockWoodCrateOpen	PropRenderer	ModelWoodCrateOpen	2	E	S	0.09	0.89	-0.00	1.04	-0.19	1.19	0..0	0..0
BlockWoodCrateOpen	PropRenderer	ModelWoodCrateOpen	3	S	W	-0.19	1.19	-0.00	1.04	0.09	0.89	0..0	0..0
BlockWoodCrateOpen	PropRenderer	ModelWoodCrateOpen	4	W	N	0.11	0.91	-0.00	1.04	-0.19	1.19	0..0	0..0
BlockWoodCrateOpen	PropRenderer	ModelWoodCrateOpen	5	N	E	-0.19	1.19	-0.00	1.04	0.11	0.91	0..0	0..0
BlockWoodTable	WoodTableRenderer	ModelWoodTable	2	E	S	0.00	1.00	0.05	1.05	-0.50	1.50	0..0	-1..1
BlockWoodTable	WoodTableRenderer	ModelWoodTable	3	S	W	-0.50	1.50	0.05	1.05	-0.00	1.00	-1..1	0..0
BlockWoodTable	WoodTableRenderer	ModelWoodTable	4	W	N	-0.00	1.00	0.05	1.05	-0.50	1.50	0..0	-1..1
BlockWoodTable	WoodTableRenderer	ModelWoodTable	5	N	E	-0.50	1.50	0.05	1.05	-0.00	1.00	-1..1	0..0
BlockWoodTable2	PropRenderer	ModelWoodTableProp	2	E	N	-0.00	1.00	-0.00	1.00	-1.00	1.00	0..0	-1..0
BlockWoodTable2	PropRenderer	ModelWoodTableProp	3	S	E	0.00	2.00	-0.00	1.00	-0.00	1.00	0..1	0..0
BlockWoodTable2	PropRenderer	ModelWoodTableProp	4	W	S	0.00	1.00	-0.00	1.00	-0.00	2.00	0..0	0..1
BlockWoodTable2	PropRenderer	ModelWoodTableProp	5	N	W	-1.00	1.00	-0.00	1.00	-0.00	1.00	-1..0	0..0
BlockWreckage1	PropRenderer	bmodel:wreckage_var1	2	E	N	-2.94	4.00	-0.38	2.03	-1.43	2.42	-3..3	-2..2
BlockWreckage1	PropRenderer	bmodel:wreckage_var1	3	S	E	-1.42	2.43	-0.38	2.03	-2.94	4.00	-2..2	-3..3
BlockWreckage1	PropRenderer	bmodel:wreckage_var1	4	W	S	-3.00	3.94	-0.38	2.03	-1.42	2.43	-3..3	-2..2
BlockWreckage1	PropRenderer	bmodel:wreckage_var1	5	N	W	-1.43	2.42	-0.38	2.03	-3.00	3.94	-2..2	-3..3
BlockWreckage2	PropRenderer	bmodel:wreckage_var1	2	E	N	-2.94	4.00	-0.38	2.03	-1.43	2.42	-3..3	-2..2
BlockWreckage2	PropRenderer	bmodel:wreckage_var1	3	S	E	-1.42	2.43	-0.38	2.03	-2.94	4.00	-2..2	-3..3
BlockWreckage2	PropRenderer	bmodel:wreckage_var1	4	W	S	-3.00	3.94	-0.38	2.03	-1.42	2.43	-3..3	-2..2
BlockWreckage2	PropRenderer	bmodel:wreckage_var1	5	N	W	-1.43	2.42	-0.38	2.03	-3.00	3.94	-2..2	-3..3
BlockWreckage3	PropRenderer	bmodel:wreckage_var1	2	E	N	-2.94	4.00	-0.38	2.03	-1.43	2.42	-3..3	-2..2
BlockWreckage3	PropRenderer	bmodel:wreckage_var1	3	S	E	-1.42	2.43	-0.38	2.03	-2.94	4.00	-2..2	-3..3
BlockWreckage3	PropRenderer	bmodel:wreckage_var1	4	W	S	-3.00	3.94	-0.38	2.03	-1.42	2.43	-3..3	-2..2
BlockWreckage3	PropRenderer	bmodel:wreckage_var1	5	N	W	-1.43	2.42	-0.38	2.03	-3.00	3.94	-2..2	-3..3
BlockWreckage4	PropRenderer	bmodel:wreckage_var1	2	E	N	-2.94	4.00	-0.38	2.03	-1.43	2.42	-3..3	-2..2
BlockWreckage4	PropRenderer	bmodel:wreckage_var1	3	S	E	-1.42	2.43	-0.38	2.03	-2.94	4.00	-2..2	-3..3
BlockWreckage4	PropRenderer	bmodel:wreckage_var1	4	W	S	-3.00	3.94	-0.38	2.03	-1.42	2.43	-3..3	-2..2
BlockWreckage4	PropRenderer	bmodel:wreckage_var1	5	N	W	-1.43	2.42	-0.38	2.03	-3.00	3.94	-2..2	-3..3
BlockWreckage5	PropRenderer	bmodel:wreckage_var1	2	E	N	-2.94	4.00	-0.38	2.03	-1.43	2.42	-3..3	-2..2
BlockWreckage5	PropRenderer	bmodel:wreckage_var1	3	S	E	-1.42	2.43	-0.38	2.03	-2.94	4.00	-2..2	-3..3
BlockWreckage5	PropRenderer	bmodel:wreckage_var1	4	W	S	-3.00	3.94	-0.38	2.03	-1.42	2.43	-3..3	-2..2
BlockWreckage5	PropRenderer	bmodel:wreckage_var1	5	N	W	-1.43	2.42	-0.38	2.03	-3.00	3.94	-2..2	-3..3
BlockWreckageMilitary1	WreckageMilitary1Renderer	ModelWreckageMilitary1	2	E	E	-0.58	1.59	-0.18	1.71	-1.14	2.84	-1..1	-1..2
BlockWreckageMilitary1	WreckageMilitary1Renderer	ModelWreckageMilitary1	3	S	W	-0.59	1.58	-0.18	1.71	-1.84	2.14	-1..1	-2..1
BlockWreckageMilitary1	WreckageMilitary1Renderer	ModelWreckageMilitary1	4	W	N	-1.14	2.84	-0.18	1.71	-0.59	1.58	-1..2	-1..1
BlockWreckageMilitary1	WreckageMilitary1Renderer	ModelWreckageMilitary1	5	N	S	-1.84	2.14	-0.18	1.71	-0.58	1.59	-2..1	-1..1
BlockWreckageMilitary2	WreckageMilitary2Renderer	ModelWreckageMilitary2	2	E	E	-1.93	2.55	-0.16	3.73	-3.59	5.31	-2..2	-4..5
BlockWreckageMilitary2	WreckageMilitary2Renderer	ModelWreckageMilitary2	3	S	W	-1.55	2.93	-0.16	3.73	-4.31	4.59	-2..2	-5..4
BlockWreckageMilitary2	WreckageMilitary2Renderer	ModelWreckageMilitary2	4	W	N	-3.59	5.31	-0.16	3.73	-1.55	2.93	-4..5	-2..2
BlockWreckageMilitary2	WreckageMilitary2Renderer	ModelWreckageMilitary2	5	N	S	-4.31	4.59	-0.16	3.73	-1.93	2.55	-5..4	-2..2
BlockWreckageMilitary3	WreckageMilitary3Renderer	bmodel:wreckagemilitary3	2	E	E	-4.04	5.32	-1.03	3.81	-7.29	6.70	-4..5	-7..6
BlockWreckageMilitary3	WreckageMilitary3Renderer	bmodel:wreckagemilitary3	3	S	W	-4.32	5.04	-1.03	3.81	-5.70	8.29	-5..4	-6..7
BlockWreckageMilitary3	WreckageMilitary3Renderer	bmodel:wreckagemilitary3	4	W	N	-7.29	6.70	-1.03	3.81	-4.32	5.04	-7..6	-5..4
BlockWreckageMilitary3	WreckageMilitary3Renderer	bmodel:wreckagemilitary3	5	N	S	-5.70	8.29	-1.03	3.81	-4.04	5.32	-6..7	-4..5
BlockWreckagePolice1	PropRenderer	bmodel:wreckagepolice1	2	E	N	-2.84	4.00	-0.37	2.27	-1.86	2.80	-3..3	-2..2
BlockWreckagePolice1	PropRenderer	bmodel:wreckagepolice1	3	S	E	-1.80	2.86	-0.37	2.27	-2.84	4.00	-2..2	-3..3
BlockWreckagePolice1	PropRenderer	bmodel:wreckagepolice1	4	W	S	-3.00	3.84	-0.37	2.27	-1.80	2.86	-3..3	-2..2
BlockWreckagePolice1	PropRenderer	bmodel:wreckagepolice1	5	N	W	-1.86	2.80	-0.37	2.27	-3.00	3.84	-2..2	-3..3
BlockWreckagePolice2	PropRenderer	bmodel:wreckagepolice2	2	E	N	-2.84	4.00	-0.33	1.97	-1.87	2.81	-3..3	-2..2
BlockWreckagePolice2	PropRenderer	bmodel:wreckagepolice2	3	S	E	-1.81	2.87	-0.33	1.97	-2.84	4.00	-2..2	-3..3
BlockWreckagePolice2	PropRenderer	bmodel:wreckagepolice2	4	W	S	-3.00	3.84	-0.33	1.97	-1.81	2.87	-3..3	-2..2
BlockWreckagePolice2	PropRenderer	bmodel:wreckagepolice2	5	N	W	-1.87	2.81	-0.33	1.97	-3.00	3.84	-2..2	-3..3
BlockWreckagePolice3	PropRenderer	bmodel:wreckagepolice3	2	E	N	-2.84	4.00	-0.34	2.27	-1.15	2.15	-3..3	-1..1
BlockWreckagePolice3	PropRenderer	bmodel:wreckagepolice3	3	S	E	-1.15	2.15	-0.34	2.27	-2.84	4.00	-1..1	-3..3
BlockWreckagePolice3	PropRenderer	bmodel:wreckagepolice3	4	W	S	-3.00	3.84	-0.34	2.27	-1.15	2.15	-3..3	-1..1
BlockWreckagePolice3	PropRenderer	bmodel:wreckagepolice3	5	N	W	-1.15	2.15	-0.34	2.27	-3.00	3.84	-1..1	-3..3
