prop	west	east	north	south	cells_x	cells_z
BlockAcidPit	0.0	0.0	0.0	0.0	1	1
BlockAlarmBell	0.1	0.1	0.1	0.1	1	1
BlockAmmoCrate	0.3	0.3	0.0	0.0	1	1
BlockAmmoCrateLarge	0.4	0.4	0.1	0.1	3	1
BlockBarrel	0.0	0.0	0.0	0.0	1	1
BlockBarrier	0.5	0.5	0.0	0.0	3	1
BlockBarrierTall	0.0	0.0	0.0	0.0	1	1
BlockBicycle	0.0	0.0	1.2	0.2	1	2
BlockBodyBagBlack	0.1	0.1	0.5	0.6	1	3
BlockBodyBagBlue	0.1	0.1	0.5	0.6	1	3
BlockBodyBagGreen	0.1	0.1	0.5	0.6	1	3
BlockBodyBagOrange	0.1	0.1	0.5	0.6	1	3
BlockBrick_1	0.0	0.0	0.0	0.0	1	1
BlockBrick_2	0.0	0.0	0.0	0.0	1	1
BlockBrick_3	0.0	0.0	0.0	0.0	1	1
BlockCCTV	0.0	0.0	0.0	0.0	1	1
BlockCanFire	0.0	0.0	0.0	0.0	1	1
BlockCanTrap	0.0	0.0	0.0	0.0	1	1
BlockCardboardBoxes1	0.3	0.1	0.1	0.1	2	1
BlockCardboardBoxes2	0.1	0.1	0.3	0.4	1	3
BlockCardboardBoxes3	0.0	0.1	0.0	0.2	1	1
BlockCarePackage	0.6	0.6	0.4	0.4	3	3
BlockCeilingVent	0.0	0.0	0.0	0.0	1	1
BlockCeilingVentCorner	0.0	0.0	0.0	0.0	1	1
BlockCeiling_1	0.0	0.0	0.0	0.0	1	1
BlockCeiling_2	0.0	0.0	0.0	0.0	1	1
BlockCeiling_3	0.0	0.0	0.0	0.0	1	1
BlockCeiling_4	0.0	0.0	0.0	0.0	1	1
BlockChair	0.0	0.0	0.0	0.0	1	1
BlockChesstable	0.2	0.2	0.2	0.2	1	1
BlockCocaPlant	-	-	-	-	0	0
BlockConcertinaWire	-	-	-	-	0	0
BlockCone	0.0	0.0	0.0	0.0	1	1
BlockCookingStation	0.0	0.0	0.0	0.0	1	1
BlockDumpster	0.9	0.9	0.3	0.5	3	3
BlockElectricBox1	0.0	0.0	0.0	0.0	1	1
BlockElectricBox2	0.0	0.0	0.0	0.0	1	1
BlockElectricBoxBin	0.0	0.0	0.0	0.0	1	1
BlockElevator	0.0	0.0	0.0	0.0	1	1
BlockElevatorButton	0.0	0.0	0.0	0.0	1	1
BlockExitLight	0.0	0.0	0.0	0.0	1	1
BlockFlagPollUAHD	0.0	0.0	0.0	0.0	1	1
BlockFlagPollUSSR	0.0	0.0	0.0	0.0	1	1
BlockFlatscreenTV	0.5	0.5	0.0	0.0	3	1
BlockFlatscreenTV_Emergency	0.5	0.5	0.0	0.0	3	1
BlockFlatscreenTV_News	0.5	0.5	0.0	0.0	3	1
BlockFlatscreenTV_Target	0.5	0.5	0.0	0.0	3	1
BlockFlatscreenTV_Youtube	0.5	0.5	0.0	0.0	3	1
BlockFloorCarpet_1	0.0	0.0	0.0	0.0	1	1
BlockFloorCarpet_2	0.0	0.0	0.0	0.0	1	1
BlockFloorCarpet_3	0.0	0.0	0.0	0.0	1	1
BlockFloorCarpet_4	0.0	0.0	0.0	0.0	1	1
BlockFloorCarpet_5	0.0	0.0	0.0	0.0	1	1
BlockFloorCarpet_6	0.0	0.0	0.0	0.0	1	1
BlockFloorTiles_1	0.0	0.0	0.0	0.0	1	1
BlockFloorTiles_2	0.0	0.0	0.0	0.0	1	1
BlockFloorTiles_3	0.0	0.0	0.0	0.0	1	1
BlockGraffiti_1	0.0	0.2	0.0	0.0	1	1
BlockGraffiti_10	-	-	-	-	0	0
BlockGraffiti_11	0.0	0.0	0.0	0.0	1	1
BlockGraffiti_12	0.0	0.0	0.0	0.0	1	1
BlockGraffiti_2	0.2	0.3	0.0	0.0	2	1
BlockGraffiti_3	0.2	0.2	0.0	0.0	1	1
BlockGraffiti_4	0.3	0.1	0.0	0.0	2	1
BlockGraffiti_5	0.3	0.0	0.0	0.0	1	1
BlockGraffiti_6	0.3	0.0	0.0	0.0	1	1
BlockGraffiti_7	0.2	0.2	0.0	0.0	1	1
BlockGraffiti_8	0.5	0.2	0.0	0.0	2	1
BlockGraffiti_9	0.5	0.0	0.0	0.0	2	1
BlockHangingPlayer	0.0	0.0	0.0	0.3	1	1
BlockHazardLamp	0.0	0.0	0.0	0.0	1	1
BlockHazardLight	0.0	0.0	0.0	0.0	1	1
BlockHazardScreen_1	-	-	-	-	0	0
BlockHazardScreen_2	-	-	-	-	0	0
BlockHazard_1	0.0	0.0	0.0	0.0	1	1
BlockHazardbarrier	0.0	0.1	0.0	0.0	1	1
BlockHazardpole	0.0	0.0	0.0	0.0	1	1
BlockHedgehog	0.4	0.2	0.2	0.7	2	2
BlockKeycardScreen	0.0	0.0	0.1	0.0	1	1
BlockKeycardScreenLaboratory	0.0	0.0	0.1	0.0	1	1
BlockKeycardScreenMilitary	0.0	0.0	0.1	0.0	1	1
BlockLantern	0.0	0.0	0.0	0.0	1	1
BlockLight	0.0	0.0	0.0	0.0	1	1
BlockLightOff	0.0	0.0	0.0	0.0	1	1
BlockMailbox	0.0	0.0	0.0	0.0	1	1
BlockMaintenanceScreen	0.9	0.9	1.1	1.3	3	4
BlockMechWreckage	0.8	0.8	0.3	0.8	3	2
BlockMedicalCrate	0.0	0.0	0.0	0.0	1	1
BlockMetalShelf	0.0	0.0	0.5	0.5	1	3
BlockMetalShelf_Empty	0.0	0.0	0.5	0.5	1	3
BlockMetalTable	0.5	0.5	0.0	0.0	3	1
BlockMetalWall	0.0	0.0	0.0	0.0	1	1
BlockMetal_1	0.0	0.0	0.0	0.0	1	1
BlockMetal_2	0.0	0.0	0.0	0.0	1	1
BlockMetal_3	0.0	0.0	0.0	0.0	1	1
BlockMetroRailing1	0.0	0.0	0.0	0.0	1	1
BlockMetroRailing2	0.0	0.0	0.0	0.0	1	1
BlockMilitaryBarrier	0.0	0.0	0.0	0.0	1	1
BlockMilitaryCrate	0.0	0.0	0.0	0.0	1	1
BlockMilitaryRadio	0.0	0.0	0.3	0.3	1	2
BlockMilitaryRadioOff	0.0	0.0	0.3	0.3	1	2
BlockMilitaryRadioSmall	0.0	0.0	0.0	0.0	1	1
BlockMilitaryRadioSmallOff	0.0	0.0	0.0	0.0	1	1
BlockMissileLauncher	1.2	1.2	1.3	1.7	3	4
BlockMonitor	0.0	0.0	0.0	0.0	1	1
BlockNewsStand1	0.0	0.0	0.0	0.0	1	1
BlockNewsStand2	0.0	0.0	0.0	0.0	1	1
BlockOfficeChair	0.0	0.0	0.0	0.0	1	1
BlockPackagedCocaineStack	0.0	0.0	0.0	0.0	1	1
BlockPhonebooth	0.0	0.0	0.0	0.0	1	1
BlockPhonebox	0.0	0.0	0.0	0.0	1	1
BlockPoliceCrate	0.0	0.0	0.0	0.0	1	1
BlockPowerGenerator	0.0	0.0	0.0	0.0	1	1
BlockPowerPole	0.3	0.4	0.0	0.0	3	1
BlockPresent	0.0	0.0	0.0	0.0	1	1
BlockPresent2	0.0	0.0	0.0	0.0	1	1
BlockPresent3	0.0	0.0	0.0	0.0	1	1
BlockPropellerTrap	0.2	1.1	0.1	1.0	2	2
BlockRadio1	0.0	0.0	0.0	0.0	1	1
BlockRadioTower	0.0	0.1	0.0	0.0	1	1
BlockRedlight	0.0	0.0	0.0	0.0	1	1
BlockRope	-	-	-	-	0	0
BlockRopeTop	-	-	-	-	0	0
BlockRussianRoadSign	0.4	0.4	0.0	0.0	3	1
BlockRussianRoadSignArrow	0.4	0.4	0.0	0.0	3	1
BlockRussianRoadSignWarning	0.4	0.4	0.0	0.0	3	1
BlockSafezoneSignEntry	-	-	-	-	0	0
BlockSafezoneSignExit	-	-	-	-	0	0
BlockSandbagStack	0.0	0.0	0.0	0.0	1	1
BlockSandbagStackBeige	0.0	0.0	0.0	0.0	1	1
BlockShopDisplay_1	0.0	0.0	0.0	0.0	1	1
BlockSign_Decimunition	0.2	0.3	0.0	0.0	1	1
BlockSign_Gunsrus	0.1	0.0	0.0	0.0	1	1
BlockSign_Metro	0.0	0.0	0.0	0.0	1	1
BlockSign_Minebay	0.4	0.4	0.0	0.0	3	1
BlockSign_Minedonalds	0.0	0.0	0.0	0.0	1	1
BlockSign_Mineway	0.4	0.4	0.0	0.0	3	1
BlockSkeletonGround	0.0	0.0	0.1	0.9	1	2
BlockSkeletonWall	0.0	0.0	0.0	0.1	1	1
BlockSpotlight	0.6	0.6	1.1	1.1	3	3
BlockStereo	0.0	0.0	0.0	0.0	1	1
BlockStone_1	0.0	0.0	0.0	0.0	1	1
BlockStone_2	0.0	0.0	0.0	0.0	1	1
BlockStone_3	0.0	0.0	0.0	0.0	1	1
BlockStone_4	0.0	0.0	0.0	0.0	1	1
BlockStone_5	0.0	0.0	0.0	0.0	1	1
BlockStone_6	0.0	0.0	0.0	0.0	1	1
BlockStone_7	0.0	0.0	0.0	0.0	1	1
BlockStone_8	0.0	0.0	0.0	0.0	1	1
BlockStorageCrate	0.0	0.0	0.0	0.0	1	1
BlockStreetBarrier	0.0	0.0	0.0	0.0	1	1
BlockStreetBench	0.0	0.0	0.0	0.0	1	1
BlockStreetBin	0.0	0.0	0.0	0.0	1	1
BlockStreetLight	0.0	0.0	0.0	2.6	1	4
BlockStreetLightMiddle	0.0	0.0	2.7	2.6	1	7
BlockStretcher	0.5	0.5	0.0	0.0	3	1
BlockStudioCamera	0.0	0.0	0.0	0.0	1	1
BlockSupplyDrop	0.4	0.4	0.0	0.0	3	1
BlockTarget	0.0	0.0	0.0	0.0	1	1
BlockTicketGate	0.0	0.0	0.1	0.1	1	1
BlockTicketGate_Open	0.0	0.0	0.1	0.1	1	1
BlockTire	0.0	0.0	0.0	0.0	1	1
BlockTireStack	0.1	0.1	0.1	0.1	1	1
BlockTrafficLights	0.0	0.0	0.0	3.5	1	5
BlockTrafficLightsMiddle	0.0	0.0	3.4	3.4	1	9
BlockTrashBag1	0.0	0.0	0.0	0.0	1	1
BlockTrashBag2	0.1	0.0	0.0	0.0	1	1
BlockTrashcan	0.0	0.0	0.0	0.0	1	1
BlockTruckWreckage1	1.0	1.0	3.2	3.2	3	7
BlockTruckWreckage2	1.0	1.0	3.2	3.2	3	7
BlockTruckWreckage3	1.0	1.0	3.2	3.2	3	7
BlockTruckWreckage4	1.0	1.0	3.2	3.2	3	7
BlockTruckWreckage5	1.0	1.0	3.2	3.2	3	7
BlockTruckWreckage6	1.0	1.0	3.2	3.2	3	7
BlockVendingMachine_1	0.0	0.0	0.0	0.0	1	1
BlockVendingMachine_2	0.0	0.0	0.0	0.0	1	1
BlockWallOffice_2_Bottom_1	0.0	0.0	0.0	0.0	1	1
BlockWallOffice_2_Top	0.0	0.0	0.0	0.0	1	1
BlockWallOffice_3_Bottom_1	0.0	0.0	0.0	0.0	1	1
BlockWallOffice_3_Bottom_2	0.0	0.0	0.0	0.0	1	1
BlockWallOffice_3_Top	0.0	0.0	0.0	0.0	1	1
BlockWallOffice_4_Bottom_1	0.0	0.0	0.0	0.0	1	1
BlockWallOffice_4_Bottom_2	0.0	0.0	0.0	0.0	1	1
BlockWallOffice_4_Bottom_3	0.0	0.0	0.0	0.0	1	1
BlockWallOffice_4_Top	0.0	0.0	0.0	0.0	1	1
BlockWallOffice_Bottom_1	0.0	0.0	0.0	0.0	1	1
BlockWallOffice_Bottom_2	0.0	0.0	0.0	0.0	1	1
BlockWallOffice_Bottom_3	0.0	0.0	0.0	0.0	1	1
BlockWallOffice_Bottom_4	0.0	0.0	0.0	0.0	1	1
BlockWallOffice_Top	0.0	0.0	0.0	0.0	1	1
BlockWallflag	0.6	0.6	0.0	0.0	3	1
BlockWashingMachine	0.0	0.0	0.0	0.1	1	1
BlockWaterPallet	0.0	0.0	0.0	0.0	1	1
BlockWaterPalletTarp	0.0	0.0	0.0	0.0	1	1
BlockWaterfountain	0.0	0.0	0.0	0.0	1	1
BlockWaterpump	0.0	0.0	0.3	0.0	1	1
BlockWeaponCabinet	0.0	0.0	0.0	0.3	1	1
BlockWoodCrate	0.2	0.2	0.0	0.0	1	1
BlockWoodCrateOpen	0.2	0.2	0.0	0.0	1	1
BlockWoodTable	0.5	0.5	0.0	0.0	3	1
BlockWoodTable2	0.0	1.0	0.0	0.0	2	1
BlockWreckage1	1.2	1.2	2.9	3.0	3	7
BlockWreckage2	1.2	1.2	2.9	3.0	3	7
BlockWreckage3	1.2	1.2	2.9	3.0	3	7
BlockWreckage4	1.2	1.2	2.9	3.0	3	7
BlockWreckage5	1.2	1.2	2.9	3.0	3	7
BlockWreckageMilitary1	0.5	0.5	1.8	1.1	3	4
BlockWreckageMilitary2	1.4	1.4	3.1	3.4	5	8
BlockWreckageMilitary3	3.3	2.9	3.4	3.4	8	9
BlockWreckagePolice1	1.4	1.4	2.8	3.0	5	7
BlockWreckagePolice2	1.4	1.5	2.8	3.0	5	7
BlockWreckagePolice3	0.9	0.9	2.8	3.0	3	7
Door_Blue_1	0.0	0.0	0.0	0.0	1	1
Door_Blue_2	0.0	0.0	0.0	0.0	1	1
Door_Blue_3	0.0	0.0	0.0	0.0	1	1
Door_Emergency_1	0.0	0.0	0.0	0.0	1	1
Door_Emergency_1_Locked	0.0	0.0	0.0	0.0	1	1
Door_Emergency_2	0.0	0.0	0.0	0.0	1	1
Door_Emergency_3	0.0	0.0	0.0	0.0	1	1
Door_Green_1	0.0	0.0	0.0	0.0	1	1
Door_Green_2	0.0	0.0	0.0	0.0	1	1
Door_Green_3	0.0	0.0	0.0	0.0	1	1
Door_InfektorSecurity_1	0.0	0.0	0.0	0.0	1	1
Door_Metal_3	0.0	0.0	0.0	0.0	1	1
Door_Office_1	0.0	0.0	0.0	0.0	1	1
Door_Orange_1	0.0	0.0	0.0	0.0	1	1
Door_Orange_2	0.0	0.0	0.0	0.0	1	1
Door_Orange_3	0.0	0.0	0.0	0.0	1	1
Door_security_1	0.0	0.0	0.0	0.0	1	1
decal.bloodsplat1	-	-	-	-	0	0
decal.bloodsplat2	-	-	-	-	0	0
decal.bloodsplat3	-	-	-	-	0	0
decal.bloodsplat4	-	-	-	-	0	0
decal.bloodsplat5	-	-	-	-	0	0
decal.hazardbio	-	-	-	-	0	0
decal.hazardnuclear	-	-	-	-	0	0
decal.imagegeneric	-	-	-	-	0	0
decal.notegeneric	-	-	-	-	0	0
decal.sovietsymbol	-	-	-	-	0	0
decal.usflag	0.2	0.2	0.0	0.0	1	1
decal.warningcctv	-	-	-	-	0	0
decal.warningchemicalstorage	-	-	-	-	0	0
decal.warninglights	-	-	-	-	0	0
decal.warningslipperyfloor	-	-	-	-	0	0
decal.warningtrespass	-	-	-	-	0	0
decal.warningwatchstep	-	-	-	-	0	0
decal.warningxray	-	-	-	-	0	0
